City_Eng
108
AACHEN
AALBORG
AARHUS
AASIAAT
ABA
ABADAN
ABAIANG
ABAKAN
ABARIRINGA
ABBEVILLE
ABBOTSFORD
ABBOTTABAD
ABBSE
ABECHE
ABEMAMA
ABENGOUROU
ABERDEEN
ABHA
ABIDJAN
ABILENE
ABINGDON
ABLOW
ABOU-DEÏA
ABREOJOS
ABU
ABUJA
ACANDÍ
ACAPULCO
ACARICUARA
ACARIGUA
ACCRA
ACHINSK
ACHUTUPO
AD
ADA
ADAK
ADAM
ADANA
ADDIS
ADELAIDE
ADEN
ADRAR
ADRIAN
ADıYAMAN
AFTON
AFYON
AGADEZ
AGADIR
AGANA
AGARTALA
AGATTI
AGEN
AGGENEYS
AGHAJARI
AGNEW
AGRA
AGRINION
AGUACLARA
AGUADILLA
AGUASCALIENTES
AGUNI
AHE
AHMED
AHMEDABAD
AHUAS
AHWAZ
AI-AIS
AIAMBAK
AIKEN
AILINGLAPALAP
AILUK
AIMA
AINSWORTH
AIOME
AIOUN
AISHALTON
AITAPE
AITUTAKI
AIX-LES-MILLES
AIYURA
AIZWAL
AJACCIO
AKHIOK
AKIAK
AKIENI
AKITA
AKJOUJT
AKLAVIK
AKOLA
AKRON
AKROTIRI
AKSU
AKTAU
AKTYUBINSK
AKULIVIK
AKURE
AKUREYRI
AKUTAN
AL
AL-AHSA
AL-BAYDA
AL-BOUGH
AL-JAWF
AL-JOUF
ALAGOINHAS
"ALAJERO, LA GOMERA ISLAND"
ALAKANUK
ALAMOGORDO
ALAMOSA
ALBACETE
ALBANY
ALBENGA
ALBERT
ALBERT/BRAY
ALBI
ALBIAN
ALBINA
ALBURY
ALDAN
ALEGRETE
ALEKNAGIK
ALENQUER
ALEPPO
ALERT
ALESUND
ALEXANDER
ALEXANDRA
ALEXANDRIA
ALEXANDROUPOLIS
ALGECIRAS
ALGHERO
ALGIER
ALGONA
ALI-SABIEH
ALICANTE
ALICE
ALICEVILLE
ALLAHABAD
ALLAKAKET
ALLDAYS
ALLENTOWN
ALLIANCE
ALLIGANDI
ALLUITSUP
ALMA
ALMA-ATA
ALMEIRIM
ALMENARA
ALMERIA
ALOFI
ALOR
ALPENA
ALPHA
ALPINE
ALPURRURULAM
ALROY
ALTA
ALTAI
ALTAMIRA
ALTAY
ALTENBURG
ALTENRHEIN
ALTO
ALTON/ST
ALTOONA
ALTUS
ALTıNTAŞ
ALULA
ALÈS/DEAUX
AM
AMAHAI-SERAM
AMALFI
AMAMI
AMANAB
AMARILLO
AMBATO
AMBATONDRAZAKA
AMBERLEY
AMBILOBE
AMBLER
AMBOIN
AMBON
AMBOSELI
AMBRIZ
AMBRYN
AMBUNTI
AMDERMA
AMERY
AMES
AMGOTRO
AMIENS/GLISY
AMILCAR
AMMAN
AMOL
AMOOK
AMOS
AMPANIHY
AMPARA
AMRITSAR
AMSTERDAM
ANAA
ANACO
ANADYR
ANAHIM
ANAKTUVUK
ANALALAVA
ANAPA
ANATOM
ANCHORAGE
ANCONA
ANCUD
ANDAHUAYLAS
ANDAPA
ANDERSEN
ANDERSON
ANDES
ANDIZHAN
ANDOAS
ANDOYA
ANDRAVIDA
ANDREWS
ANDROS
ANEGADA
"ANGAHA, NIUAFO'OU ISLAND"
ANGEL
ANGELES
ANGELHOLM
ANGELSEY
ANGERS
ANGERS/MARCÉ
ANGGI-PAPUA
ANGLETON/LAKE
ANGLING
ANGOCHE
ANGOLA
ANGOON
ANGORAM
ANGOULEME
ANGUGANAK
ANIAK
ANIWA
ANJO
ANJOUAN
ANKANG
ANKARA
ANKAVANDRA
ANKAZOABO
ANN
ANNABA
ANNAI
ANNAPOLIS
ANNECY
ANNEMASSE
ANNETTE
ANNISTON
ANQING
ANSBACH
ANSHAN
ANSHUN
ANTA
ANTALAHA
ANTALYA
ANTANANARIVO
ANTHONY
ANTIGUA
ANTLERS
ANTOFAGASTA
ANTSALOVA
ANTSIRABE
ANTSIRANANA
ANTSOHIHY
ANTWERP
ANUA
ANURADHAPURA
ANVIK
ANYANG
ANÁPOLIS
AOMORI
AOSTA
APALACHICOLA
APALAPSILI
APATAKI
APATITY
APATZINGÁN
APIA
APIAY
APOLO
APPLE
APPLETON
APRIL
APUCARANA
AQABA
AR
ARAAK
ARACAJU
ARACATUBA
ARAD
ARAGUAÍNA
ARANDIS
ARAPAHOE
ARAPIRACA
ARAPONGAS
ARAPOTI
ARAR
ARARACUARA
ARAUCA
ARAUQUITA
ARAWA
ARAXÁ
ARBIL
ARBOLETES
ARCACHON
ARCATA/EUREKA
ARCHANGELSK
ARCTIC
ARDABIL
ARDMORE
ARECIBO
AREQUIPA
AREZZO
ARIBINDA
ARICA
ARIQUEMES
ARKALYK
ARLIT
ARLON
ARLY
ARMENIA
ARMIDALE
ARMSTRONG
ARNHEM
ARNO
ARNSBERG
ARONA
ARORAE
ARQUIA
ARRAIAS
ARSO-PAPUA
ARSUK
ARTESIA
"ARTHUR'S"
ARTIGAS
ARUA
ARUJÁ
ARUSHA
ARUTUA
ARVAIKHEER
ARVIDSJAUR
ARXAN
ASAB
ASABA
ASAHIKAWA
ASALOUYEH
ASAU
ASCENSION
ASCENSIÓN
ASEKI
ASH
ASHAIG
ASHEVILLE
ASHKHABAD
ASHLAND
ASHLEY
ASHTABULA
ASMARA
ASMAT
ASOSA
ASPEN
ASSIS
ASSIUT
ASTORIA
ASTRAKHAN
ASTRAKSETRA-SUMATRA
ASTYPALAIA
ASUNCION
ASWAN
ATAMBUA-TIMOR
ATAR
ATAURO
ATBARA
ATBASAR
ATHENS
ATHENS/ALBANY
ATI
ATIKOKAN
ATINJOE-PAPUA
ATIU
ATKA
ATLANTA
ATLANTIC
ATMAUTLUAK
ATOIFI
ATQASUK
ATTAWAPISKAT
ATTOPEU
ATTU
ATYRAU
AU
AUA
AUBENAS-VALS-LANAS
AUBURN
AUBURN/LEWISTON
AUCKLAND
AUGSBURG
AUGUSTA
AUKI
AUMO
AUPALUK
AUR
AURANGABAD
AURILLAC
AURORA
AURUKUN
AUSTIN
AUXERRE
AVALON
AVARUA
AVARÉ
AVIANO
AVIGNON
AVILES
AVON
AWARADAM
AWASSA
AYACUCHO
AYAPEL
AYAWASI-PAPUA
AYDıN
AYERS
AYOLAS
BABASE
BABELTHUAP
BABO-PAPUA
BACAU
BACO
BACOLOD
BADAJOZ
BADE-PAPUA
BADEN-BADEN
BAFOUSSAM
BAGANI
BAGDAD
BAGE
BAGHDAD
BAGHDOGRA
BAGLUNG
BAGOTVILLE
BAGRAM
BAGUIO
BAHAR
BAHAWALNAGAR
BAHAWALPUR
BAHIA
BAHIAS
BAHJA
BAHRAIN
BAHÍA
BAIA
BAICHENG
BAIDOA
BAIE
BAIE-JOHAN-BEETZ
BAIMURU
BAINBRIDGE
BAINYIK
BAISE
BAISHAN
BAITADI
BAJAWA
BAJHANG
BAJURA
BAKALALAN
BAKEL
BAKER
BAKERSFIELD
BAKHTARAN
BAKKAFJÖRÐUR
BAKOUMA
BAKU
BALAD
BALAKOVO
BALEELA
BALER
BALGO
BALI
BALIKESIR
BALIKPAPAN
BALIMO
BALKHASH
BALLALAE
BALLINA
BALLYKELLY
BALMACEDA
BALSAS
BALTIMORE
BALTRUM
BALURGHAT
BAMAKO
BAMARNI
BAMBARI
BAMBU
BAMENDA
BAMFIELD
BAMIYAN
BAMU
BANAINA-BORNEO
BANAK
BANDA
BANDA-NAIRA
BANDAR
BANDIRMA
BANDON
BANDOUNDU
BANDUNG
BANFF
BANFORA
BANGALORE
BANGASSOU
BANGDA
BANGKOK
BANGOR
BANGUI
BANIYALA
BANJA
BANJARMASIN
BANJUL
BANMAW
BANNING
BANNU
BANTRY
BANYUWANGI
BAOTOU
BAPI
BAR
BARACOA
BARAHONA
BARAKOMA
BARAMITA
BARANOF
BARBACENA
BARCALDINE
BARCELONA
BARCELOS
BARDSTOWN
BARDUFOSS
BAREILLY
BARI
BARINAS
BARIO
BARISAL
BARKING
BARNAUL
BARNWELL
BARODA
BARQUISIMETO
BARRA
BARRANCA
BARRANCABERMEJA
BARRANCO
BARRANQUILLA
BARREIRAS
BARRETOS
BARRIE-ORILLIA
BARROW
BARTER
BARTICA
BARTLESVILLE
BARTLETT
BARTOW
BARYSIAI
BASALT
BASANKUSU
BASCO
BASONGO
BASRAH
BASSE
BASTIA
BATA
BATAGAY
BATAGAY-ALYTA
BATAJNICA
BATAM
BATANGAFO
BATESVILLE
BATHURST
BATMAN
BATNA
BATOM-PAPUA
BATON
BATOURI
BATSFJORD
BATTAMBANG
BATTICALOA
BATTLE
BATU
BATUMI
BATUNA
BAU
BAUCAU
BAUCHI
BAUDETTE
BAURES
BAURU
BAUTZEN
BAVANNUR
BAY
BAYAMO
BAYANKHONGOR
BAYREUTH
BAYTOWN
BAZARUTO
BEAGLE
BEAR
BEARSKIN
BEATRICE
BEATTY
BEAUFORT
BEAUMONT
BEAUNE/CHALLANGES
BEAUVAIS
BEAVER
BECKLEY
BECKWOURTH
BEDFORD
BEDWELL
BEER-SHEBA
BEERSHEBA
BEFANDRIANA
BEICA
BEIHAI
BEIJING
BEIRA
BEIRUT
BEJA
BEJAJA
BEKILY
BELAGA
BELEM
BELFAST
BELGAUM
BELGOROD
BELIYELA
BELIZE
BELL
BELLA
BELLAIRE
BELLARY
BELLAVISTA
BELLE
BELLEVILLE
BELLINGHAM
BELLUNO
BELMONTE
BELMOPAN
BELMULLET
BELO
BELORETSK
BELUGA
BEMBRIDGE
BEMICHI
BEMIDJI
BEMOLANGA
BEN
BENBECULA
BENGBU
BENGHAZI
BENGKALIS-SUMATRA
BENGKULU
BENGUELA
BENGUERA
BENI
BENIN
BENNETTSVILLE
BENSBACH
BENSON
BENTO
BENTON
BENTOTA
BEOGRAD
BEQUIA
BERANE
BERBERA
BERBERATI
BERDYANSK
BERENS
BERGAMO
BERGEN
BERGERAC
BERLEVÅG
BERLIN
BERMEJO
BERN
BEROROHA
BERTOUA
BERU
BESAKOA
BESALAMPY
BESANÇON/LA
BESLAN
BETHEL
BETIOKY
BETOU
BETTLES
BEVERLY
BEWANI
BEZIERS
BHADRAPUR
BHAGATANWALA
BHAIRAWA
BHARATPUR
BHAUNAGAR
BHOJPUR
BHOPAL
BHUBANESWAR
BHUJ
BHURBAN
BIAK
"BIALLA, MATALILU, EWASE"
BIANGABIP
BIARRITZ
BIARRITZ-BAYONNE
BIARU
BIAŁA
BIAŁYSTOK
BIELEFELD
BIG
BIGGIN
BIKANER
BIKINI
BILA
BILASPUR
BILBAO
BILDUDALUR
BILLINGS
BILLUND
BILOELA
BILOXI
BIMA
BIMINI
BINGHAMTON
BINGÖL
BINIGUNI
BINTULU
BINTUNI
BIRAO
BIRATNAGAR
BIRCH
BIRD
BIRJAND
BIRMINGHAM
BISBEE
BISHA
BISHKEK
BISHO
BISHOP
BISKRA
BISMARCK
BISSAU
BITAM
BLACK
BLACKALL
BLACKBUSHE
BLACKPOOL
BLACKSBURG
BLACKSTONE
BLACKWELL
BLAGOVESCHENSK
BLAKELY
BLANDING
BLANTYRE
BLOCK
BLOEMFONTEIN
BLOIS/LE
BLOODVEIN
BLOOMFIELD
BLOOMINGTON
BLOOMINGTON/NORMAL
BLUBBER
BLUEFIELD
BLUEFIELDS
BLUMENAU
BLYTHE
BLYTHEVILLE
BLÖNDUÓS
BO
BOA
BOALANG-CELEBES
BOB
BOBO-DIOULASSO
BOCA
BOCAS
BODAYBO
BODINUMU
BODOE
BODRUM
BOENDE
BOGALUSA
BOGANDE
BOGHE
BOGORODSKOYE
BOGOTA
BOISE
BOJNORD
BOKONDINI
BOKORO
BOKPYINN
BOKÉ
BOL
BOLE
BOLIVAR
BOLOGNA
BOLWARRA
BOLZANO
BOM
BOMA
BOMAI
BOMBAY
BONANZA
BONAVENTURE
BONDOUKOU
BONGOR
"BONGSAN-RI, ULJIN"
BONITO
BONN
BONNYVILLE
BONTANG-BORNEO
BONTHE
BOONE
BOOUE
BORA
BORAMA
BORBA
BORDEAUX
BORDEN
BORDJ
BORGARFJÖRÐUR
BORGER
BORKUM
BORLANGE
BORREGO
BOSASO
BOSSANGOA
BOSSEMBÉLÉ
BOSSET
BOST
BOSTON
BOSWELL
BOTOPASI
BOTUCATU
BOUAKE
BOUAR
BOUARFA
BOUCA
BOULDER
BOULSA
BOUNA
BOUNDARY
BOUNDIALI
BOUNDJI
BOUNTIFUL
BOURG
BOURGAS
BOURGES
BOURNEMOUTH
BOUSSO
BOUTILIMIT
BOZEMAN
BOZOUM
BRADFORD
BRADSHAW
BRADY
BRAGA
BRAGADO
BRAGANCA
BRAGANÇA
BRAINERD
BRAK
BRANDON
BRANSON
BRASILIA
BRASILITO
BRATISLAVA
BRATSK
BRAUNSCHWEIG
BRAVA
BRAWLEY
BRAZORIA
BRAZZAVILLE
BRAČ
BRECKENRIDGE
BREDA
BREIÐDALSVÍK
BREMEN
BREMERHAVEN
BREMERTON
BREST
BREVES
BREVIG
BRIA
BRIDGETOWN
BRIGHAM
BRINDISI
BRISBANE
BRISTOL
BRISTOL/JOHNSON/KINGSPORT
BRITTON
BRIVE
BRIZE
BROADUS
BROCHET
BROCKVILLE
BROKEN
BROMONT
BRONNOYSUND
BROOKINGS
BROOME
BROUGHTON
BROWNSVILLE
BROWNWOOD
BRUEGGEN
BRUMADO
BRUNEI
BRUNSWICK
BRUS
BRUSSELS
BRYAN
BRYANSK
BRYCE
BUARIKI
BUBAQUE
BUCARAMANGA
BUCHAREST
BUCKEYE
BUCKLAND
BUCKLEY
BUDAPEST
BUENAVENTURA
BUENOS
BUFFALO
BUGULMA
BUIN
BUJUMBURA
BUKA
BUKAVU/KAVUMU
BUKHARA
BUKI
BUKOBA
BULAWAYO
BULGAN
BULL
BULLHEAD
BULOLO
BULTFONTEIN
BUMBAR
BUMI
BUNDABERG
BUNDI
BUNIA
BUNJU
BUNSIL
BUOL-CELEBES
BUON
BURAIMI
BURAO
BURBANK
BURETA
BURGOS
BURLEY
BURLINGTON
BURLINGTON/MOUNT
BURNIE
BURNS
BURQIN
BURSA
BURWASH
BURWELL
BUSH
BUSHEHR
BUTARE
BUTARITARI
BUTEMBO
BUTLER
BUTTE
BUTTERWORTH
BUTUAN
BYDGOSZCZ
BÂLE/MULHOUSE
BÉCHAR
BÚÐARDALUR
BÜSUM
CA
CABIMAS
CABINDA
CABO
CACHE
CACHOEIRA
CACHOEIRO
CACOAL
CADILLAC
CAEN
CAFUNFO
CAGLIARI
CAHERCIVEEN
CAHOKIA/ST
CAHORS
CAHORS/LALBENQUE
CAIRNS
CAIRO
CAJAMARCA
CALABAR
CALAIS
CALAIS-DUNKERQUE
CALAMA
CALBAYOG
CALCUTTA
CALDAS
CALDWELL
CALETA
CALEXICO
CALGARY
CALI
CALICUT
CALIPATRIA
CALVERTON
CALVI
CAMAGUEY
CAMAXILO
CAMBRIDGE
CAMDEN
CAMETÁ
CAMIRI
CAMOCIM
CAMP
CAMPBELL
CAMPBELLPORE
CAMPBELTOWN
CAMPECHE
CAMPINA
CAMPINAS
CAMPIÑA
CAMPO
CAMPOS
CAN
CANAIMA
CANARANA
CANAVIEIRAS
CANBERRA
CANCUN
CANDALA
CANDILEJAS
CANDLE
CANEFIELD
CANELA
CANGAMBA
CANNES
CANOBIE
CANOUAN
CAP
CAPANDA
CAPE
CAPURGANÁ
CAQUETANIA
CARACAS
CARANSEBES
CARAUARI
CARAVELAS
CARBONDALE/MURPHYSBORO
CARCASSONNE
CARDIFF
CAREPA
CARIBOU
CARLISLE
CARLSBAD
CARLTON
CARMELITA
CARMEN
CARNARVON
CARNOT
CARO
CAROLINA
CARORA
CARPENTARIA
CARRIACOU
CARRIZO
CARROLL
CARSON
CARTAGENA
CARTAGO
CARTI
CARTWRIGHT
CARUARU
CARUPANO
CARURÚ
CARUTAPERA
CASABLANCA
CASCADE
CASCAVEL
CASIGUA
CASPER
CASSILÂNDIA
CASTAWAY
CASTELLÓN
CASTLEGAR
CASTORI
CASTRES
CASTRIES
CASTRO
CASUARITO
CAT
CATACAMAS
CATALÃO
CATAMARCA
CATANIA
CATARMAN
CATUMBELA
CAUAYAN
CAUCASIA
CAUQUIRA
CAVITE
CAXIAS
CAYE
CAYENNE
CAYMAN
CAYO
CAZOMBO
CAÇADOR
CAÑON
CEBU
CEDAR
CELAYA
CELLE
CENTER
CENTERVILLE
CENTRAL
CENTRALIA
CERES
CERRO
CEUTA
CHACHAPOYAS
CHADRON
CHAH
CHAITEN
CHAKCHARAN
CHALKYITSIK
CHALLIS
CHALON
CHAMBERY
CHAMPAIGN/URBANA
CHANDALAR
CHANDIGARH
CHANGCHA
CHANGCHUN
CHANGDE
CHANGHAI
CHANGUINOLA
CHANGZHI
CHANGZHOU
CHANIA
CHANUTE
CHAOYANG
CHAPARRAL
CHAPECO
CHAPLEAU
CHARATA
CHARLEROI
CHARLES
CHARLESTON
CHARLESTOWN
CHARLEVILLE-MÉZIÈRES
CHARLEVOIX
CHARLIEVILLE
CHARLO
CHARLOTTE
CHARLOTTESVILLE
CHARLOTTETOWN
CHARTRES
CHATEAUROUX
CHATHAM
CHATHAM-KENT
CHATTANOOGA
CHAUMONT/SEMOUTIERS
CHAVES
CHAÑARAL
CHEADLE
CHEBOKSARY
CHEFORNAK
CHEHALIS
CHEJU
CHELYABINSK
CHENA
CHENEGA
CHENGDU
CHEONGJU
CHERAW
CHERBOURG
CHEREPOVETS
CHERKASY
CHERNIVTSI
CHEROKEE
CHERRABAH
CHERRY
CHERSKIY
CHESAPEAKE/HUNTINGTON
CHESTERFIELD
CHETUMAL
CHETWYND
CHEVAK
CHEVERY
CHEYENNE
CHI
CHIANG
CHIAYI
CHIBOUGAMAU
CHICAGO
CHICAGO/AURORA
CHICAGO/PROSPECT
CHICAGO/ROCKFORD
CHICAGO/ROMEOVILLE
CHICHEN
CHICHESTER
CHICKEN
CHICLAYO
CHICO
CHICOPEE
CHIFENG
CHIGNIK
CHIGORODÓ
CHIHUAHUA
CHILAS
CHILDRESS
CHILE
CHILKO
CHILLAN
CHILLIWACK
CHILOQUIN
CHIMBOTE
CHIMKENT
CHIMOIO
CHINA
CHINGOLA
CHINMEN
CHINO
CHIOS
CHIPATA
CHIPINGE
CHIQUIMULA
CHIREDZI
CHISANA
CHISASIBI
CHISTOCHINA
CHITA
CHITATO
CHITINA
CHITOSE
CHITRAL
CHITRÉ
CHITTAGONG
CHIZHOU
CHOKURDAH
CHOKWÉ
CHOLET
CHONGQING
CHOS
CHRISTCHURCH
CHRISTIANSTED
CHRISTMAS
CHUATHBALUK
CHUB
CHUN
CHUNG
CHUNGRIBU
CHURCHILL
CHUTES-DES-PASSES
CHUUK
CHÂLONS/VATRY
CICIA
CIEGO
CIENFUEGOS
CILACAP
CIMITARRA
CINCINNATI
CIRCLE
CIREBON
CIUDAD
CIVIL
CLARIS
CLARKS
CLARKSBURG
CLARKSDALE
CLARKSVILLE
CLAYTON
CLEARWATER
CLEMSON
CLERMONT
CLEVELAND
CLIFTON
CLIFTON/MORENCI
CLINTON
CLINTONVILLE
CLONCURRY
CLOPPENBURG
CLORINDA
CLOVIS
CLUB
CLUFF
CLUJ-NAPOCA
CLYDE
COARI
COATEPEQUE
COATESVILLE
COBAN
COBIJA
COCA
COCHABAMBA
COCHRANE
COCKBURN
COCO
COCOS
CODRINGTON
CODY
COEN
COEUR
"COFF'S"
COFFMAN
COGNAC
COIMBATORE
COIMBRA
COLATINA
COLBY
COLD
COLDFOOT
COLEMAN
COLIMA
COLL
COLLEGE
COLLIE
COLLINS
COLMAR
COLOGNE
COLOMBIA
COLOMBO
COLOMBUS
COLONEL
COLONIA
COLONSAY
COLORADO
COLTISHALL
COLUMBIA
COLUMBIA/MOUNT
COLUMBUS
COLUMBUS/W
COLÓN
COMAYAGUA
COMILLA
COMISO
COMITÁN
COMODORO
COMOX
COMPTON
CON
CONAKRY
CONCEICAO
CONCEPCION
CONCEPCIÓN
CONCEPTION
CONCORD
CONCORDIA
CONCÓRDIA
CONDOTO
CONFRESA
CONINGSBY
CONNAUGHT
CONNERSVILLE
CONROE
CONSELHEIRO
CONSTANTA
CONSTANTINE
CONTADORA
COOCH-BEHAR
COOLANGATTA
COOLAWANYAH
COOLIBAH
COOMA
COONDEWANNA
COOPER
COOPERSTOWN
COORABIE
COPENHAGEN
COPIAPO
COPPER
COPPERMINE
COPÁN
COQUIMBO
CORAL
CORAZÓN
CORCORAN
CORDILLO
CORDOBA
CORDOVA
CORINTH
CORK
CORN
CORNWALL
CORNÉLIO
CORO
COROLLA
CORON
CORONATION
CORONEL
COROZAL
CORPUS
CORRIENTES
CORSICANA
CORTES
CORTEZ
CORTLAND
CORUMBA
CORVALLIS
CORVERA
CORVO
COSTA
COSTANZA
COTABATO
COTO
COTONOU
COTRIGUAÇU
COTTBUS
COTULLA
COUNCIL
COURCHEVAL
COVENTRY
COVEÑAS
COWLEY
"COX'S"
COYHAIQUE
COYOLES
COZUMEL
CRADOCK
CRAIG
CRAIOVA
CRANBROOK
CRANE
CRAVO
CREIL
CRESCENT
CRESSWELL
CRESTED
CRESTON
CRESTVIEW
CRICIÚMA
CRISTALÂNDIA
CROOKED
CROSS
CROSSVILLE
CROTONE
CROWS
CRUIZIRO
CRUZ
CUAMBA
CUCUTA
CUDDAPAH
CUENCA
CUERNAVACA
CUIABA
CUITO
CULEBRA
CULIACAN
CUMANA
CUMARU
CUMBERLAND
CURITIBA
CURITIBANOS
CURRAIS
CURRILLO
CURURUPU
CURUZU
CUTBANK
CUTRAL-CO
CUXHAVEN
CUYO
CUZCO
CZECHOWICE-DZIEDZICE
CZĘSTOCHOWA
CÁCERES
DABRA-PAPUA
DAET
DAGALI
DAGGETT
DAHL
DAHLGREN
DAKAR
DAKHLA
DALAMAN
DALANZADGAD
DALAT
DALBANDIN
DALCAHUE
DALHART
DALIAN
DALLAS
DALLAS-FORT
DALOA
DALY
DAMAN
DAMASCUS
DAMMAM
DANANG
DANBURY
DANDONG
DANG
DANGRIGA
DANSVILLE
DANVILLE
DAPORIJO
DAQING
DAR
DARCHULA
DARNLEY
DARU
DARWAZ
DARWIN
DATADAWAI-BORNEO
DATONG
DAUGAVPILS
DAUPHIN
DAVAO
DAVENPORT
DAVID
DAWADMI
DAWEI
DAWSON
DAYONG
DAYTON
DAYTONA
DAZHOU
DAZU
DAŞOGUZ
DE
DEAD
DEADHORSE
DEASE
DEAUVILLE
DEBEPARE
DEBRA
DEBRE
DEBRECEN
DECATUR
DECIMOMANNU
DECORAH
DEDOUGOU
DEER
DEERING
DEFIANCE
DEHRA
DEIRE
DEL
DELHI
DELTA
DEMBIDOLLO
DEMING
DENGLAGU
DENHAM
DENILIQUIN
DENIS
DENIZLI
DENPASAR
DENVER
DEOGHAR
DERA
DERIDDER
DERIM
DERNA
DES
DESOLATION
DESROCHES
DESSIE
DESTIN
DETROIT
DEVILS
DEVONPORT
DHAHRAN
DHAKA
DHANBAD
DHANGARHI
DIAMANTINA
DIAMANTINO
DIANÓPOLIS
DIAPAGA
DIAVIK
DIBBA
DIBRUGARH
DICKINSON
DIEBOUGOU
DIEGO
DIEN
DIEPPE
DIGBY
DIJON
DIKSON
DILASAG
DILI
DILLINGHAM
DILLON
"DILLON'S"
DIMAPUR
DIMBOKRO
DINANGAT
DINARD
DINDER
DIPOLOG
DIRE
DIRICO
DIU
DIVINÓPOLIS
DIYABAKIR
DJAMBALA
DJANET
DJELFA
DJERBA
DJIBO
DJIBOUTI
DJOUGOU
DJUMU-DJOMOE
DJÚPIVOGUR
DNEPROPETROVSK
DOANY
DOBO-WARMAR
DODGE
DODOMA
DOHA
DOLBEAU-ST-FÉLICIEN
DOLE
DOLNA
DOLPA
DOMINICA
DONAUESCHINGEN
DONCASTER
DONEGAL
DONETSK
DONG
DONGOLA
DONGYING
DONNELLY
DORI
DORNOCH
DOROBISORO
DORTMUND
DORUNDA
DOS
DOTHAN
DOUALA
DOUGLAS
DOURADOS
DOVER
DOYLESTOWN
DRACENA
DRESDEN
DRIETABBETJE
DRUMDUFF
DRUMMOND
DRYDEN
DSCHANG
DUBAI
DUBLIN
DUBOIS
DUBROVNIK
DUBUQUE
DUESSELDORF
DUGWAY
DULKANINNA
DULUTH
DUMAGUETE
DUMAI
DUNCAN
DUNDEE
DUNEDIN
DUNG
DUNHUANG
DUNK
DUNKIRK
DUNSMUIR
DUONG
DURANGO
DURANT
DURAZNO
DURBAN
DURGAPUR
DUSHANBE
DUXFORD
DWANGWA
DZAOUDZI
DZHEZKAZGAN
DÉLINE
EAGLE
EARLTON
EAST
EASTER
EASTMAIN
EASTON
EASTOVER
EASTSOUND
EAU
EBADON
EBERMANNSTADT
EBOLOWA
EBON
ECH-CHELIFF
EDAY
EDENTON
EDINBURGH
EDMONTON
EDREMIT
EDSON
EDWARDS
EEK
EFOGI
EGEGIK
EGILSSTADIR
EINASLEIGH
EINDHOVEN
EIRUNEPÉ
EISENACH
EKATI
EKIBASTUZ
EKUK
EKWOK
EL
EL-BAHA
EL-TOR
ELAT
ELAZIG
ELCHO
ELDORET
ELECTRIC
ELELIM-PAPUA
ELFIN
ELIM
ELIPTAMIN
ELISTA
ELIYE
ELIZABETH
ELIZABETHTOWN
ELKHART
ELKINS
ELKO
ELLENSBURG
ELLIOT
ELLISRAS
ELMIRA/CORNING
ELY
EMAE
EMBESSA
EMDEN
EMERALD
EMIGRANT
EMIRAU
EMMONAK
EMO
EMPANGENI
EMPORIA
EN
ENAROTALI-PAPUA
ENCARNACIÓN
ENDE
ENEABBA
ENFIDHA
ENGATI
ENID
ENIWETOK
ENNISKILLEN
ENONTEKIO
ENSCHEDE
ENSENADA
ENSHI
ENTEBBE
ENUGU
EOLIGARRY
EPHRATA
EPI
EPINAL
EQALUGAARSUIT
ER-RACHIDIA
ERANDIQUE
ERAVE
ERBOGACHEN
ERDENET
ERECHIM
ERENHOT
ERFURT
ERIE
ERIGAVO
ERROL
ERUME
ERZINCAN
ERZURUM
"ESA'ALA"
ESBJERG
ESCANABA
ESKILSTUNA
ESKIMO
ESKISEHIR
ESKIŞEHIR
ESPANOLA
ESPERANCE
ESPINOSA
ESQUEL
ESSAOUIRA
ESSEN
ESTEVAN
ETADUNNA
EUA
EUFAULA
EUGENE
EUNICE
EUREKA
EVA
EVADALE
EVANSTON
EVANSVILLE
EVELETH
EVENES
EVERETT
EVREUX
EWO
EXCURSION
EXETER
EYL
FADA
FAGERNES
FAGURHÓLSMÝRI
FAHUD
FAIR
FAIRBANKS
FAIRFIELD
FAIRFORD
FAIRMONT
FAIRVIEW
FAISALABAD
FAJARDO
FAKAHINA
FAKARAVA
FAKFAK-PAPUA
FALALOP
FALEOLO
FALLON
FALMOUTH
FALSE
FANE
FARAFANGANA
FARAH
FARANAH
FAREWELL
FARGO
FARMINGDALE
FARMINGTON
FARNBOROUGH
FARO
FASA
FATIMA
FAYA-LARGEAU
FAYETTEVILLE
FAYETTEVILLE/SPRINGDALE
FAYZABAD
FDERIK
FEIRA
FENGNIN
FERA
FERAMIN
FERGANA
FERGUS
FERKESSEDOUGOU
FERNANDO
FETLAR
FEZ
FIANARANTSOA
FICKSBURG
FIGARI
FILADELFIA
FILLMORE
FINCHA
FINDLAY
FINKE
FIRA
FIRENZE
FISHERS
FITIUTA
FIVE
FLAGSTAFF
FLAT
FLATEYRI
FLENSBURG
FLIN
FLINDERS
FLINT
FLIPPIN
FLORENCE
FLORENCIA
FLORES
FLORIANO
FLORIANOPOLIS
FLORO
FLOTTA
FOGGIA
FOLEY
FOND
FOND-DU-LAC
FONTANGES
FONTE
FONTVIEILLE
FORBES
FORESTVILLE
FORLI
FORMOSA
FORREST
FORSSA
FORT
FORT-DE-FRANCE
FORTALEZA
FOSHAN
FOUGAMOU
FOULA
FOUMBAN
FOX
FOZ
FRANCA
FRANCEVILLE
FRANCISCO
FRANCISTOWN
FRANKFURT
FRANKLIN
FRAY
FREDERICK
FREDERICTON
FREEPORT
FREETOWN
FREIBURG
FRENCH
FRENCHVILLE
FRESNO
FRIDAY
FRIEDA
FRIEDRICHSHAFEN
FRIENDLY
FRITZLAR
FRONT
FROSINONE
FRUTILLAR
FRYEBURG
FRYING
FRÉGATE
FUERSTENFELDBRUCK
FUERTE
FUERTEVENTURA
FUJEIRAH
FUKUE
FUKUOKA
FULLERTON
FUMA
FUNAFUTI
FUNCHAL
FUNDACIÓN
FUNTER
FUTALEUFU
FUTUNA
FUVAHMULAH
FUYANG
FUYUAN
FUYUN
FUZHOU
FÁSKRÚÐSFJÖRÐUR
FØRDE
GABALA
GABBS
GABERONE
GABES
GABRIOLA
GACHSARAN
GADSDEN
GAFSA
GAG
GAGE
GAGETOWN
GAGNOA
GAINESVILLE
GAITHERSBURG
GALAPAGOS
GALBRAITH
GALCAIO
GALELA-CELEBES
GALENA
GALESBURG
GALION
GALLE
GALLIVARE
GALLUP
GALOYA
GALVESTON
GALWAY
GAMBA
GAMBELL
GAMBELLA
GAMBOMA
GAMÈTÌ
GAN
GANDAJIKA
GANDER
GANGAW
GANJA
GANZHOU
GAO
GAOUA
GARAINA
GARANHUNS
GARDEN
GARDEZ
GARDO
GARISSA
GAROUA
GAROVE
GARY
GARZÓN
GASAN
GASCOYNE
GASMATA
GASPE
GASSIM
GASUKE
GATINEAU
GATOKAE
GAUA
GAVLE
GAYA
GAYLORD
GAZIANTEP
GAZIPAŞA
GBADOLITE
GBANGBATOK
GDANSK
GDYNIA
GEBE
GEDAREF
GEILENKIRCHEN
GEITA
GELADI
GELENDZHIK
GELEPHU
GEMENA
GENEINA
GENERAL
GENEVA
GENOA
GEORGE
GEORGETOWN
GERALDTON
GERONA
GETTYSBURG
GEWOIA
GEÇITKALE
GHABA
GHADAMES
GHANZI
GHARDAIA
GHAT
GHAZNI
GHESHM
GHINNIR
GHRISS
GIBRALEÓN
GIBRALTAR
GIEBELSTADT
GIFU
GILGIT
GILLAM
GILLETTE
GIMLI
GIRARDOT
GIRDWOOD
GISBORNE
GISENYI
GITEGA
GIYANI
GIZAN
GIZO
GJOA
GJÖGUR
GLACIER
GLADSTONE
GLADWIN
GLASGOW
GLEN
GLENDALE
GLENDIVE
GLENFORSA
GLENS
GLENTANNER
GLENWOOD
GLOBE
GOA
GOBA
GOBABIS
GOBERNADOR
GODE
GODS
GODTHAAB
GOIANIA
GOLDEN
GOLDSBORO
GOLFITO
GOLMUD
GOLOG
GOLOUCHESTERSHIRE
GOLOVIN
GOMA
GOMBE
GOMEL
GONAILI
GONAREZHOU
GONDAR
GONGHANG-RO
GOODING
GOODLAND
GOODNEWS
GOODYEAR
GOOSE
GORA
GORAKHPUR
GORDON
GORE
GORGAN
GORKHA
GORNA
GORNO-ALTAYSK
GOROKA
GOROM-GOROM
GORONTALO
GOSHEN
GOSPORT
GOTALALAMO-MOROTAI
GOTHA
GOTHENBORG
"GOULDING'S"
GOULIMIME
GOUNDAM
GOVERNADOR
"GOVERNOR'S"
GOYA
GOZO
GRACIAS
GRACIOSA
GRAN
GRANADA
GRAND
GRAND-BÉRÉBY
GRAND-SANTI
GRANDE
GRANDVIEW
GRANGEVILLE
GRANITE
GRANT
GRANTS
GRANVILLE
GRAVATAI
GRAYLING
GRAZ
GREAT
GREELEY
GREEN
GREENFIELD
GREENSBORO
GREENVILE
GREENVILLE
GREENWOOD
GRENCHEN
GRENFELL
GRENOBLE
GREYBULL
GRIFFITH
GRISE
GROENNEDAL
GRONINGEN
GROOTE
GROOTFONTEIN
GROSSETO
GROTON
GROTTAGLIE
GROZNY
GRUMETI
GRUNAY
GRUNDARFJÖRÐUR
GRÍMSEY
GUACAMAYAS
GUADALAJARA
GUADALUPE
GUAJARÁ-MIRIM
GUALEGUAYCHU
GUAMAL
GUANAJA
GUANAMBI
GUANARE
GUANGHUA
GUANGYUAN
GUANGZHOU
GUANTANAMO
GUAPI
GUARAPARI
GUARAPUAVA
GUARATINGUETÁ
GUARI
GUARICO
GUATEMALA
GUAYABAL
GUAYANA
GUAYAQUIL
GUAYARAMERIN
GUAYMAS
GUAÍRA
GUEMAR
GUERIMA
GUERNSEY
GUERRERO
GUETERSLOH
GUIGLO
GUILIN
GUIRIA
GUISCRIFF
GUIYANG
GUJRAT
GULF
GULFPORT
GULGUBIP
GULKANA
GULU
GUNIM
GUNNISON
GUNUNG
GURIAT
GURNEY
GURUPI
GUSAP
GUSAU
GUSTAVUS
GUTHRIE
GUWAHATI
GUYMON
GUYUAN
GWA
GWADAR
GWALIOR
GWARAWON
GWERT
GYUMRI
GYŐR
GÖKÇEADA
"HA'APAI"
HAA
HABI
HACHIJOJIMA
HADSEL
HAELOGO
HAFR
HAGERSTOWN
HAHN
HAIFA
HAIKOU
HAIL
HAILAR
HAILEY
HAINES
HAIPHONG
HAIVARO
HAKKARI
HAKODATE
HALALI
HALF
HALIFAX
HALL
HALLI
HALMSTAD
HAMADAN
HAMAR
HAMBURG
HAMI
HAMILTON
HAMMERFEST
HAMPTON
HANA
HANALEI
HANAMAKI
HANAPEPE
HANAU
HANCOCK
HANDAN
HANGZHOU
HANKSVILLE
HANNOVER
HANOI
HANZHONG
HAO
HARARE
HARBIN
HARGEISA
HARLINGEN
HARPER
HARRISBURG
HARRISMITH
HARRISON
HARTFORD
HARTLEY
HASKOVO
HASSELT
HASSI-MESSAOUD
HASTINGS
HASVIK
HATAY
HATCHET
HATERUMA
HATFIELD
HATGAL
HATO
HATTERAS
HATTIESBURG
HATTIESBURG/LAUREL
HAUGESUND
HAVADARYA
HAVANA
HAVERFORDWEST
HAVRE
HAWABANGO
HAWARDEN
HAWKER
HAWTHORNE
HAY
HAYDEN
HAYMAN
HAYS
HAYWARD
HAZLETON
HAZYVIEW
HEARST
HECHI
HEFEI
HEGLIG
HEHO
HEIDELBERG
HEIHE
HEIWENI
HELENA
HELENA/WEST
HELENVALE
HELGOLAND
HELSINKI
HEMET
HENGCHUNG
HENGYANG
HERAKLION
HERAT
HERENDEEN
HERINGSDORF
HERLONG
HERMOSILLO
HERVEY
HESA
HEWANDORRA
HIBBING
HICKORY
HIERRO
HIGH
HIGHBURY
HIGLEIG
HIGUEROTE
HIKUERU
HILL
HILLSIDE
HILO
HILTON
HINTHADA
HINTON
HIROSHIMA
HIVA
HLUHLUWE
HO
HOBART
HOBBS
HODEIDA
HOEDSPRUIT
HOEMUN-RI
HOF
HOFN
HOGATZA
HOHENEMS
HOHHOT
HOIETI
HOKITIKA
HOLA
HOLBROOK
HOLDREGE
HOLGUIN
HOLLAND
HOLLISTER
HOLLYWOOD
HOLMAN
HOLY
HOMER
HOMESTEAD
HOMMALINN
HONG
HONIARA
HONINABI
HONINGTON
HONNINGSVÅG
HONOLULU
HOONAH
HOOPER
HOPE
HOPEDALE
HOPKINSVILLE
HOQUIAM
HORIZONTINA
HORN
HORNEPAYNE
HORTA
HOSKINS
HOT
HOTAN
HOUAILOU
HOUGHTON
HOULTON
HOUMA
HOUSTON
HOWARD
HPA-N
HRODNA
HSINCHU
HUAHINE
"HUAI'AN"
HUAIHUA
HUALIEN
HUAMBO
HUANGPING
HUANGSHAN
HUANGYAN
HUAY
HUBLI
HUDIKSVALL
HUDSON
"HUDSON'S"
HUE
HUEHUETENANGO
HUGO
HUIZHOU
HUKUNTSI
HULTSFRED
HUMACAO
HUMAITÁ
HUMBERSIDE
HUMBOLDT
HUNTER
HUNTINGTON
HUNTSVILLE
HURGHADA
HURON
HUSAVIK
HUSLIA
HUSUM
HUTCHINSON
HUVADHU
HUÁNUCO
HVAMMSTANGI
HWANGE
HYANNIS
HYDABURG
HYDER
HYDERABAD
HYERES
HYVINKÄÄ
HÄSSLEHOLM
HÓLMAVÍK
HĪT
IALIBU
IASI
IBADAN
IBAGUE
IBERIA
IBIZA
IBO
IBOKI
ICY
IDAHO
IDIOFA
IDRE
IE
IGALIKU
IGARKA
IGINNIARFIK
IGIUGIG
IGLOOLIK
IGNACE
IGUATU
IGUAZU
IGUELA
IHOSY
IHU
IJUÍ
IKAMIUT
IKARIA
IKELA
IKERASSAARSUK
IKI
ILAKA
ILAM
ILEBO
ILES
ILFORD
ILHEUS
ILIAMNA
ILIMANAQ
ILLAGA-PAPUA
ILLIZI
ILO
ILOILO
ILORIN
ILU-PAPUA
IMANE
IMBAIMADAI
IMMOKALEE
IMONDA
IMPERATRIZ
IMPERIAL
IMPFONDO
IMPHAL
IN
INANWATAN
INCHEON
INDAGEN
INDEPENDENCE
INDIAN
INDIANA
INDIANAPOLIS
INDORE
INGENIERO
INHACA
INHAMBANE
INHAMINGA
INIS
INJUNE
INNSBRUCK
INONGO
INTA
INTERNATIONAL
INUKJUAK
INUVIK
INVERCARGILL
INVERELL
INVERIN
INVERNESS
INVERWAY
INYATI
INYOKERN
IOANNINA
IOKEA
IOMA
IOWA
IPATINGA
IPIALES
IPIAÚ
IPIL
IPOH
IPOTA
IPSWICH
IQALUIT
IQUIQUE
IQUITOS
IRAAN
IRANSHAHR
IRECÊ
IRINGA
IRIONA
IRKUTSK
IRON
IRONSTONE
IRONWOOD
ISABELA
ISAFJORDUR
ISFAHAN
ISHIGAKI
ISHURDI
ISIRO
ISLA
ISLAMABAD
ISLAND
ISLAY
ISLE
ISLIP
ISPARTA
ISSY-LES-MOULINEAUX
ISTANBUL
ISTRES/LE
ITACOATIARA
ITAITUBA
ITAPERUNA
ITAPETINGA
ITAQUI
ITENES
ITHACA
ITOKAMA
ITTOQQORTOORMIIT
ITUBERÁ
ITUMBIARA
ITURUP
IVALO
IVANO-FRANKIVSK
IVANOVO
IVUJIVIK
IWAKUNI
IWOJIMA
IZHEVSK
IZMIR
IZUMO
IĞDıR
JABALPUR
JABOR
JACAREACANGA
JACKPOT
JACKSON
JACKSONVILLE
JACMEL
JACOBABAD
JACOBINA
JACQUINOT
JAFFNA
JAFFREY
JAGDALPUR
JAGEL
JAHROM
JAIPUR
JAISALMER
JAKAR
JAKARTA
JAKOBSHAVN
JALALABAD
JALES
JAMBA
JAMBI
JAMESTOWN
JAMMU
JAMNAGAR
JAMSHEDPUR
JANAKPUR
JANESVILLE
JANUÁRIA
JAQUÉ
JASPER
JATAÍ
JAUJA
JAYAPURA
JAÉN
JEBEL
JEDDAH
JEFFERSON
JEJU
JEMBER
JENPEG
JEON
JEQUIÉ
JEREMIE
JEREZ
JERSEY
JERUSALEM
JESSORE
JEYPORE
"JI'AN"
JI-PARANÁ
JIAGEDAQI
JIAMUSI
JIAYUGUAN
JICALAPA
JIJEL
JIJIGA
JIJOCA
JILIN
JIMMA
JINAN
JINCHANG
JINGDEZHEN
JINGHONG
JINHAE
JINING
JINJA
JINZHOU
JIPIJAPA
JIRI
JIROFT
JIUJIANG
JIUZHAIGOU
JIWANI
JIXI
JOAO
JOAÇABA
JODHPUR
JOENKOEPING
JOENSUU
JOHANNESBURG
JOHN
JOHNSON
JOHNSTON
JOHNSTOWN
JOHOR
JOINVILLE
JOLIET
JOMSOM
JONESBORO
JOPLIN
JORDAN
JORHAT
JOS
JOSE
JOSEPHSTAAL
JUANJUI
JUARA
JUAZEIRO
JUBA
JUBAIL
JUIST
JUIZ
JUJUY
JULIACA
JUMLA
JUNCTION
JUNEAU
JUNIN
JURADO
JURUENA
JUTIGALPA
JUÍNA
JWANENG
JYVASKYLA
KABALA
KABALO
KABEN
KABINDA
KABRI
KABUL
KADANWARI
KADENA
KADHDHOO
KADUGLI
KADUNA
KAEDI
KAGAU
KAGI
KAGOSHIMA
KAGUA
KAHRAMANMARAŞ
KAHULUI
KAIETEUR
KAILASHAHAR
KAIMANA
KAINTIBA
KAISER
KAITAIA
KAJAANI
KAKAMEGA
KAKE
KAKORO
KALABO
KALAKAKET
KALALEH
KALAMATA
KALAMAZOO
KALAT
KALAUPAPA
KALBARRI
KALEMIE
KALEMYO
KALGOORLIE
KALIBO
KALIMA
KALININGRAD
KALISPELL
KALKMAR
KALOKOL
KALPOWER
KALSKAG
KALTAG
KALUGA
KALUTARA
KALYMNOS
KAMARAN
KAMARANG
KAMARATA
KAMBALDA
KAMBERATORO
KAMBUAYA-PAPUA
KAMEMBE
KAMINA
KAMISHLY
KAMLOOPS
KAMPONG
KAMUELA
KAMULAI
KAMUR-PAPUA
KAMUSI
KANABEA
KANAINJ
KANANGA
KANAZAWA
KANDAHAR
KANDEP
KANDI
KANDLA
KANDRIAN
KANEOHE
KANGAATSIAQ
KANGAN
KANGAROO
KANGIQSUALUJJUAQ
KANGIQSUJUAQ
KANGIRSUK
KANGNUNG
KANIAMA
KANKAKEE
KANKAN
KANO
KANPUR
KANSAS
KANTCHARI
KANTI
KAO-CELEBES
KAOH
KAOHSIUNG
KAOLACK
KAOMA
KAPAL
KAPANGA
KAPIT
KAPOLEI
KAPUSKASING
KAR
KARACHI
KARAGANDA
KARAJ
KARAKELONG
KARAMAY
KARANAMBO
KARASABAI
KARASBURG
KARIBA
KARIMUI
KARLOVY
KARLSKOGA
KARLSTAD
KARLUK
KARONGA
KARPATHOS
KARRATHA
KARS
KARUBAGA-PAPUA
KARUP
KASAAN
KASABA
KASABONIKA
KASAMA
KASANE
KASBA
KASENGA
KASESE
KASHECHEWAN
KASHI
KASIGLUK
KASIKASIMA
KASONOMBE
KASOS
KASSALA
KASSEL
KASTAMONU
KASTELORIZO
KASTORIA
KASUNGU
KATHMANDU
KATIU
KATO
KATOWICE
KATSINA
KATTINIQ
KAUEHI
KAUHAVA
KAUKURA
KAUNAS
KAVALA
KAVIENG
KAWBENABERI
KAWITO
KAWTHOUNG
KAYA
KAYES
KAYSERI
KAZAN
KAÉLÉ
KEARNEY
KEBAR-PAPUA
KEDOUGOU
KEENE
KEETMANSHOOP
KEEWAYWIN
KEFFALLINIA
KEFLAVIK
KEGASKA
KELAFO
KELILA-PAPUA
KELLE
KELOWNA
KELSEY
KELSO
KELUANG-SUMATRA
KEMBLE
KEMI
KEMMERER
KEMOROVO
KENAI
KENDALL-TAMIAMI
KENDARI
KENEMA
KENGTUNG
KENIEBA
KENINGAU
KENMORE
KENNETT
KENORA
KENOSHA
KENTIRA
KENTLAND
KEOKUK
KEPI-PAPUA
KERAMA
KERCH
KEREMA
KERICHO
KERIKERI
KERKYRA/CORFU
KERMAN
KERRVILLE
KERRY
KERTEH
KESHOD
KETAPANG
KETCHIKAN
KEY
KHABAROVSK
KHAJURAHO
KHANABAD
KHANDYGA
KHANEH
KHANTY-MANSIYSK
KHARKIV
KHARTOUM
KHASAB
KHASHM
KHATANGA
KHERSON
KHMELNYTSKYI
KHOKA
KHON
KHOST
KHOVD
KHOWAI
KHOY
KHUDZHAND
KHUJIRT
KHUZDAR
KHWAHAN
KHWAI
KIANA
KIBULI
KICHINAU
KIEL
KIETA
KIEV
KIFFA
KIGALI
KIGOMA
KIKAI
KIKORI
KIKWIT
KILAGUNI
KILI
KILIMANJARO
KILKENNY
KILL
KILLEEN
KILWA
KIMBERLEY
KIMHAE
KIMMIRUT
KIMSQUIT
KIMWARER
KINCARDINE
KINDAMBA
KINDERSLEY
KINDU
KING
KINGFISHER
KINGMAN
KINGS
KINGSTON
KINGSTOWN
KINGSVILLE
KINLOSS
KINSHASA
KINSTON
KIPNUK
KIRA
KIRAKIRA
KIRENSK
KIRI
KIRITIMATI
KIRKENES
KIRKIMBIE
KIRKLAND
KIRKSVILLE
KIRKUK
KIRKWALL
KIROV
KIROVOGRAD
KIRTLAND
KIRUNA
KIRUNDO
KIRYAT
KISANGANI
KISH
KISMAYU
KISSIDOUGOU
KISUMU
KITADAITO
KITAKYUSHU
KITALE
KITHIRA
KITKATLA
KITSISSUARSUIT
KITTILA
KIUNGA
KIVALINA
KIWAYU
KLAGENFURT
KLAIPĖDA
KLAMATH
KLANTEN
KLAUSHEIDE
KLAWOCK
KLEINSEE
KLEMTU
KLERKSDORP
KNEE
KNOBNOSTER
KNOXVILLE
KOBE
KOBLENZ
KOBUK
KOCHI
KODIAK
KOGALYM
KOHAT
KOINGNAAS
KOKHANOK
KOKODA
KOKOMO
KOKONAU-PAPUA
KOKSHETAU
KOL
KOLAKA
KOLDA
KOLHAPUR
KOLIGANEK
KOLOMBANGARA
KOLWEZI
KOMAIO
KOMAKO
KOMATIPOORT
KOMO
KOMSOMOLSK-ON-AMUR
KON
KONA
KONAMBE
KONAWARUK
KONDOBOL
KONE
KONGE
KONGIGANAK
KONGOLO
KONYA
KOOLATAH
KOOLBURRA
KOPASKER
KOPIAGO
KORHOGO
KORLA
KORNASOREN-NUMFOOR
KORO
KOROBA
KOROMIKO
KORTRIJK-VEVELGEM
KOS
KOSICE
KOSIPE
KOSRAE
KOSTANAY
KOSTI
KOSTROMA
KOTA
KOTABANGUN-BORNEO
KOTLAS
KOTLIK
KOTZEBUE
KOULAMOUTOU
KOUMAC
KOUNDARA
KOUTIALA
KOWANYAMA
KOYUK
KOYUKUK
KOZANI
KRABI
KRAKOR
KRAKOW
KRALENDIJK
KRAMATORSK
KRAMFORS
KRASNODAR
KRASNOSELKUP
KRASNOYARSK
KRATIE
KREMENCHUK
KRIBI
KRISTIANSAND
KRISTIANSTAD
KRISTIANSUND
KRUUNUPYY
KRYVYI
KUALA
KUANTAN
KUCHING
KUDAT
KUFRA
KUITO
KULGERA
KULIK
KULU
KULUSUK
KULYAB
KUMAMOTO
KUMASI
KUMEJIMA
KUNASHIR
KUNDIAWA
KUNDUZ
KUNGIM
KUNMING
KUNSAN
KUNUNURRA
KUOPIO
KUPANG
KUPARUK
KUPIANO
KUQA
KURESSAARE
KURGAN
KURGAN-TYUBE
KURI
KURIA
KURSK
KURUMAN
KURUNDI
KUSHIRO
KUSTANAY
KUTAISI
KUUJJUARARAPIK
KUUSAMO
KUWAIT
KWAILABESI
KWAJALEIN
KWANGJU
KWETHLUK
KYAUKPYU
KYAUKTU
KYZYL
KZYL-ORDA
KZYL-YAR
KÄRDLA
KÖTHEN
"L'ALPE"
"L'AQUILA"
LA
LAAGE
LAARBRUCH
LABE
LABUAN
LABUHA-HALMAHERA
LABUHAN
LAC
LACONIA
LADAG
LADY
LADYSMITH
LAE
LAFAYETTE
LAFONTAINE
LAGES
LAGHOUAT
LAGO
LAGOS
LAGRANGE
LAGUE
LAGUNILLAS
LAHAD
LAHANIA-KAPALUA
LAHORE
LAI
LAJAMANU
LAJES
LAKE
LAKEBA
LAKEFIELD
LAKEHURST
LAKELAND
LAKENHEATH
LAKEPORT
LAKEVIEW
LALIBELLA
LALMONIRHAT
LAMAP
LAMAR
LAMBARENE
LAMBASA
LAMEN
LAMERD
LAMEZIA
LAMIDANDA
LAMPANG
LAMPEDUSA
LAMU
LANAI
LANCASTER
"LAND'S"
LANDER
LANDIVISIAU
LANDSKRONA
LANGEBAANWEG
LANGEOOG
LANGGUR-SERAM
LANGLEY
LANGTANG
LANKARAN
LANNION
LANSDOWNE
LANSING
LANYU
LANZEROTE
LANZHOU
LAOAG
LAPPEENRANTA
LAR
LARAMIE
LARANTUKA-FLORES
LAREDO
LARISSA
LARNACA
LARSEN
LAS
LASHAM
LASHIO
LASTOURVILLE
LATACUNGA
LATAKIA
LATINA
LATROBE
LATUR
LAUCALA
LAUNCESTON
LAUREL
LAURIE
LAUSANNE
LAUT
LAVAL
LAWAS
LAWRENCE
LAWRENCEVILLE
LAWTON
LAZARD
LAZY
LE
LEADVILLE
LEAF
LEBAKENG
LEBANON
LEBEL-SUR-QUÉVILLON
LECCE
LEEDS
LEESBURG
LEEUWARDEN
LEGAZPI
LEH
LEIPZIG
LEITRE
LEKANA
LEKNES
LELYSTAD
LEMOORE
LEMWERDER
LENSK
LENÇÓIS
LEO
LEONARDTOWN
LEONORA
LEOPOLDINA
LEREH-PAPUA
LERIBE
LERON
LEROS
LERWICK
LES
LESE
LESHUKONSKOYE
LESOBENG
LETHBRIDGE
LETHEM
LETICIA
LETTERKENNY
LEUCHARS
LEVALDIGI
LEVELOCK
LEWISBURG
LEWISTON
LEWISTOWN
LEWOLEBA-LEMBATA
LEXINGTON
LEÓN
LHASA
LHOK
LIANGIA
LIANGPING
LIANSHULU
LIANYUNGANG
LIBENGE
LIBERAL
LIBERIA
LIBOI
LIBOURNE/ARTIGUES-DE-LUSSAC
LIBREVILLE
LICHINGA
LIDKOPING
LIEGE
LIEPĀJA
LIFOU
LIHUE
LIJIANG
LIKIEP
LIKOMA
LILABARI
LILLE
LILONGWE
LIMA
LIMBANG
LIMBUNYA
LIME
LIMEIRA
LIMESTONE
LIMNOS
LIMOGES
LIMON
LIMÓN
LINARES
LINCANG
LINCOLN
LINDEMAN
LINDEN
LINDI
LINGA
LINKOEPING
LINS
LINYI
LINZ
LIPETSK
LIPING
LISALA
LISBON
LISMORE
LISTA
LITTLE
LIUZHOU
LIVENGOOD
LIVERMORE
LIVERPOOL
LIVINGSTON
LIVINGSTONE
LIVRAMENTO
LIWONDE
LJUBLIANA
LLEIDA
LLOYDMINSTER
LOBATSE
LOCARNO
LOCK
LOCKHART
LODJA
LODWAR
LOEI
LOGAN
LOGROÑO
LOH/LINUA
LOIKAW
LOKICHOGGIO
LOLLAND
LOME
LOMPOC
LONCOPUE
LONDOLOVIT
LONDOLOZI
LONDON
LONDONDERRY
LONDRINA
LONE
LONELY
LONG
LONGANA
LONGREACH
LONGVIEW
LONGYAN
LONORORE
LONTRAS
LOPEZ
LORALAI
LORD
LORDSBURG
LORETO
LORIENT
LORING
LOS
LOSSIEMOUTH
LOSUIA
LOTUS
LOUDIMA
LOUIS
LOUISA
LOUISBURG
LOUISIANA
LOUISVILLE
LOURDES-DE-BLANC-SABLON
LOVELOCK
LOWAI
LOYANGALANI
LOŠINJ
LUANDA
LUANG
LUAU
LUBANGO
LUBBOCK
LUBLIN
LUBUMASHI
LUCAPA
LUCAS
LUCCA
LUCKNOW
LUDERITZ
LUDHIAHA
LUDINGTON
LUEBECK
LUENA
LUFKIN
LUGANO
LUGANVILLE
LUHANSK
LUIZA
LUKLA
LUKULU
LULEA
LUMBERTON
LUMBO
LUMI
LUMID
LUNYUK-SIMBAWA
LUOYANG
LUOZI
LUSAKA
LUSAMBO
LUSANGA
LUSIKISIKI
LUSK
"LUTSELK'E"
LUTSK
LUUQ
LUWUK
LUXEMBURG
LUXI
LUXOR
LUZAMBA
LUZHOU
LUČENEC
LVOV
LYCKSELE
LYDD
LYNCHBURG
LYNDHURST
LYNDONVILLE
LYNEHAM
LYNN
LYON
LYONS
LÁBREA
LÄRZ
LÆSØ
"M'BANZA-CONGO"
"M'BIGOU"
MAAMIGILI
MAASTRICHT
MABARUMA
MABUIAG
MACANAL
MACAPA
MACARÁ
MACAS
MACAU
MACAÉ
MACEIO
MACENTA
MACHALA
MACHU
MACKAY
MACKINAC
MACKMINNVILLE
MACMILLAN
MACOMB
MACON
MADANG
MADERA
MADINAH
MADISON
MADRAS
MADRID
MADURAI
MAEWO
MAFEKING
MAFETENG
MAFIA
MAFIKENG
MAFRA
MAFRAQ
MAGADAN
MAGAN
MAGANGUE
MAGAS
MAGDAGACHI
MAGDALENA
MAGDEBURG
MAGNETIOGORSK
MAGNOLIA
MAGWAY
MAHAJANGA
MAHANORO
MAHDIA
MAHE
MAHENDRANAGAR
MAIANA
MAIDUGURI
MAIKOOR
MAIMAMA
MAINTIRANO
MAINZ
MAIO
MAISI
MAJURO
MAKABANA
MAKALE
MAKEMO
MAKHACHKALA
MAKIN
MAKINI
MAKINOHARA
MAKKOVIK
MAKOKOU
MAKOUA
MAKUNG
MAKURDI
MALABANG
MALABO
MALACCA
MALAGA
MALAIMBANDY
MALAKAL
MALALAUA
MALAM
MALAMALA
MALANG
MALANJE
MALARGUE
MALATYA
MALAY
MALDA
MALDEN
MALE
MALEKULA
MALELANE
MALINAU-BORNEO
MALINDI
MALMOE
MALOELAP
MALOLO
MALTA
MAMAI
MAMFE
MAMITUPO
MAMMOTH
MAMPIKONY
MAMUJU-CELEBES
MAN
MANA
MANADO
MANAGUA
MANAKARA
MANANARA
MANANJARY
MANAPOURI
MANARI
MANASSAS
MANAUNG
MANAUS
MANCHESTER
MANCHING
MANDABE
MANDALAY
MANDALGOBI
MANDERA
MANDORA
MANDRITSARA
MANGA
MANGAIA
MANGALORE
MANGLA
MANGOCHI
MANGOLE
MANGROVE
MANGUNA
MANHATTAN
MANICORÉ
MANIHI
MANIHIKI
MANIITSOQ
MANILA
MANINGRIDA
MANISTEE
MANISTIQUE
MANITOUWADGE
MANITOWANING
MANITOWOC
MANIWAKI
MANIZALES
MANJA
MANLEY
MANNHEIM
MANOKOTAK
MANOKWARI
MANONO
MANSA
MANSEHRA
MANSFIELD
MANSTON
MANTA
MANTEO
MANTI
MANUREWA
MANUS
MANVILLE
MANZANILLO
MANZINI
MAO
MAOTA
MAPLE
MAPODA
MAPUN
MAPUTO
MAQUINCHAO
MAR
MARABA
MARACAIBO
MARACAY
MARADI
MARAGHEH
MARAKEI
MARAMUNI
MARANA
MARATHON
MARAU
MARAWAKA
MARCO
MARDIN
MARE
MAREB
MARFA
MARGATE
MARHAM
MARIBOR
MARIEHAMN
MARIETTA
MARINA
MARINGA
MARION
MARIPASOULA
MARIPOSA
MARIQUITA
MARISCAL
MARIUPOL
MARIÁNSKÉ
MARKOVO
MARKS
MARL
MARMUL
MAROANTSETRA
MAROOCHYDORE
MAROUA
MARQUA
MARQUETTE
MARRAKECH
MARROMEU
MARSA
MARSABIT
MARSEILLE
MARSH
MARSHALL
MARSHFIELD
"MARTHA'S"
MARTINSBURG
MARUDI
MARY
"MARY'S"
MARYSVILLE
MARÍLIA
MASA
MASAI
MASALEMBO
MASAMBA-CELEBES
MASASI
MASBATE
MASERU
MASHHAD
MASI
MASINDI
MASIRAH
MASJED
MASON
MASSAWA
MASSENA
MASSET
MASTERTON
MASUDA
MASVINGO
MATADI
MATAGAMI
MATAIVA
MATAK
MATAM
MATAMOROS
MATANE
MATANZAS
MATARAM
MATEI
MATSU
MATSUMOTO
MATSUYAMA
MATTHEW
MATTHEWS
MATUPÁ
MATURIN
MAUBEUGE/ÉLESMES
MAUKE
MAUMERE
MAUN
MAUPITI
MAUÉS
MAWLAMYINE
MAY
MAYAGUANA
MAYAGUEZ
MAYO
MAYPORT
MAYUMBA
MAZAR-I-SHARIF
MAZATLAN
MBALA
MBAMBANAKIRA
MBANDAKA
MBARARA
MBEYA
MBOKI
MBUJI-MAYI
MC
MCALESTER
MCALLEN
MCARTHUR
MCCALL
MCCARTHY
MCGRATH
MCKINLEY
MEADOW
MEADVILLE
MEDAN
MEDELLIN
MEDFORD
MEDICINE
MEDINA
MEGHAULI
MEHAMN
MEIXIAN
MEJATO
MEJIT
MEKAMBO
MEKANE
MEKNES
MEKORYUK
MELBOURNE
MELCHOR
MELFA
MELFI
MELILLA
MELINDA
MELITOPOL
MELLE
MELO
MEMANBETSU
MEMMINGEN
MEMPHIS
MENDE
MENDI
MENDOZA
MENGNAI
MENONGUE
MENORCA
MENYAMYA
MERAUKE
MERCED
MERCEDES
MERCURY
MERDEI-PAPUA
MERIDA
MERIDIAN
MERIMBULA
MERLO
MERLUNA
MERRILL
MERRITT
MERSA-MATRUH
MERSING
MERVILLE/CALONNE
MERZIFON
MESA
MESQUITE
MESSINA
METEMA
METROPOLITAN
METZ
METZADA
MEXICALI
MEXICO
MEYERS
MFUWE
MIAMI
MIANDRIVAZO
MIANWALI
MICHIGAN
MIDDLE
MIDDLETON
MIDGARD
MIDLAND
MIDWAY
MIHO
MIKKELI
MILAN
MILANO
MILDENHALL
MILDURA
MILES
MILI
MILINGIMBI
MILITARY
MILLINGTON
MILLINOCKET
MILLVILLE
MILOS
MILTON
MILWAUKEE
MINAMI
MINATITLAN
MINAÇU
MINDEN
MINDIK
MINDIPTANA-PAPUA
MINERAL
MINERALNYE
MINGAN
MINNA
MINNEAPOLIS
MINOCQUA-WOODRUFF
MINOT
MINSK
MINVOUL
MINYA
MIQUELON
MIRAFLORES
MIRAMAR
MIRANDA
MIRI
MIRNY
MISAWA
MISIMA
MISKOLC
MISRATAH
MISSOULA
MITCHELL
MITIARO
MITU
MITZIC
MIYAKE
MIYAKEJIMA
MIYANMIN
MIYAZAKI
MIZAN
MKAMBATI
MKUZE
MMABATHO
MO
MOA
MOAB
MOABI
MOALA
MOANAMANI-PAPUA
MOANDA
MOBA
MOBERLY
MOBILE
MOBRIDGE
MOCIMBOA
MOCOCA
MODESTO
MOENCHENGLADBACH
MOENGO
MOENJODARO
MOGADISHU
MOGILEV
MOHANBARI
MOHELI
MOJAVE
MOKHOTLONG
MOKUTI
MOLDE
MOLINE
MOLOKAI
MOMBASA
MONAHANS
MONASTIR
MONBETSU
MONCLOVA
MONCTON
MONFLORITE/ALCALÁ
MONFORT
MONG
MONGO
MONGU
MONKEY
MONROE
MONROEVILLE
MONROVIA
MONT
MONT-DE-MARSAN
MONTAGUE
MONTAUBAN
MONTBÉLIARD/COURCELLES
MONTE
MONTEGO
MONTELÍBANO
MONTENEGRO
MONTEPUEZ
MONTEREY
MONTERIA
MONTERREY
MONTES
MONTEVIDEO
MONTGOMERY
MONTICHIARI
MONTLUCON-GUERET
MONTPELIER
MONTPELLIER
MONTREAL
MONTROSE
MOOLAWATANA
MOOREA
MOOSE
MOOSONEE
MOPTI
MORA
MORAFENOBE
MORAMANGA
MORANBAH
MOREE
MOREHEAD
MORELIA
MORETON
MORGANTOWN
MORICHAL
MORLAIX
MORO
MOROBE
MOROMBE
MORONDAVA
MORONI
MORRISTOWN
MORRISVILLE
MORUYA
MORWELL
MOSCOW
MOSHI
MOSINEE
MOSJOEN
MOSSEL
MOSSENDJO
MOSSORÓ
MOSTAR
MOSTYN
MOSUL
MOUCHA
MOUDJERIA
MOUGULU
MOUILA
MOULINS
MOULTRIE
MOUNDOU
MOUNT
MOUNTAIN
MOUYONDZI
MOYALE
MOYO
MOYOBAMBA
MPACHA
MPUMALANGA
MTWARA
MUANDA
MUBATUBA
MUCCAN
MUCURI
MUDANJIANG
MUDGEE
MUEDA
MUENSTER/OSNABRUECK
MUEO
MUIR
MUKAH
MUKAYRAS
MUKHAIZNA
MUKO
MULEGE
MULHOUSE
MULIA-PAPUA
MULIKA
MULKA
MULTAN
MULU
MUNCIE
MUNDUKU
MUNGERANIE
MUNICH
MURCIA
MURMANSK
MURRAY
MURRIETA/TEMECULA
MURUROA
MUSCAT
MUSCLE
MUSGRAVE
MUSKEGON
MUSKOGEE
MUSKOKA
MUSKRAT
MUSOMA
MUSTIQUE
MUTARE
MUTING
MUŞ
MWADUI
MWANZA
MWEKA
MYEIK
MYITKYINA
MYKONOS
MYROODAH
MYRTLE
MYS
MYSORE
MYTILINI
MYVATN
MZUZU
"MÉDOUNEU, GABON"
MÖRÖN
"N'DELE"
"N'DJAMENA"
"N'DJOLÉ"
"N'GAOUNDERE"
"N'GIVA"
"N'KOLO-FUMA"
"N'ZEREKORE"
"N'ZETO"
NA
NABIRE
NACALA
NACHINGWEA
NADOR
NADUNUMU
NADYM
NADZAB
NAGA
NAGASAKI
NAGOYA
NAGPUR
NAHA
NAIN
NAINITAL
NAIROBI
NAJAF
NAKASHIBETSU
NAKHCHIVAN
NAKHON
NAKINA
NAKNEK
NAKURU
NALCHIK
NAMANE
NAMANGAN
NAMATANAI
NAMBAIYUFA
NAMBUCCA
NAMCHE
NAMIBE
NAMLEA-BURU
NAMORIK
NAMPULA
NAMROLE-BURU
NAMSANG
NAMSOS
NAMTU
NAMUDI
NAMUR
NAMUTONI
NANAIMO
NANCHANG
NANCHONG
NANCY
NANDAYURE
NANDED
NANDI
NANGA
NANGANG
NANISIVIK
NANJING
NANKI-SHIRAHAMA
NANNING
NANORTALIK
NANTES
NANTONG
NANTUCKET
NANUQUE
NANUYA
NANWALEK
NANYANG
NANYUKI
NAORO
NAPA
NAPAKIAK
NAPASKIAK
NAPIER
NAPLES
NAPPERBY
NAPUKA
NARA
NARATHIWAT
NARRABRI
NARRANDERA
NARROGIN
NARSAQ
NARSSARSSUAQ
NARVIK
NARYAN
NASHUA
NASHVILLE
NASIK
NASSAU
NATAL
NATASHQUAN
NATCHEZ
NATITINGOU
NATUASHISH
NAUSORI
NAVEGANTES
NAVOI
NAWABSHAH
NAXOS
NDALATANDOS
NDENDE
NDOLA
NEA
NECOCHEA
NECOCLI
NEEDLES
NEERLERIT
NEFTEKAMSK
NEFTEYUGANSK
NEGAGE
NEGARBO
NEGELE
NEGRIL
NEIVA
NEJJO
NEJRAN
NEKEMTE
NELSON
NELSPRUIT
NEMA
NEMISCAU
NENANA
NEPALGUNJ
NEPHI
NERYUNGRI
NEUBRANDENBURG
NEUMÜNSTER
NEUQUEN
NEVERS
NEVŞEHIR
NEW
NEWARK
NEWBURGH
NEWCASTLE
NEWMAN
NEWPORT
NEWQUAI
NEWTON
NEYVELI
NGALA
NGAU
NGAWAL
NGIVA
NGOMA
NHA
NHATRANG
NHULUNBUY
NIAGARA
NIAMEY
NIAQORNAARSUK
NIATOUGOU
NICE
NICOSIA
NICOYA
NICOYA/GUANACATE
NIEUW
NIGHTMUTE
NIIGATA
NIIHAMA
NIKOLAYEV
NIKOLAYEVSK-NA-AMURE
NIKOLSKI
NIKUNAU
NILES
NIMBA
NIMES
NINBO
NINGLANG
NIOKI
NIORO
NIORT
NIQUELÂNDIA
NIS
NISSAN
NIUATOPUTAPU
NIZHNEVARTOVSK
NIZHNY
NJOMBE
NKAUS
NKAYI
NKONGSAMBA
NOATAK
NOGALES
NOGLIKI-SAKHALIN
NOMAD
NOME
NONDALTON
NONOUTI
NOORVIK
NORDDEICH
NORDERNEY
NORFOLK
NORILSK
NORMAN
NORMANTON
NORRIDGEWOCK
NORRKOEPING
NORSUP
NORTH
NORTHAMPTON
NORTHOLT
NORTHWAY
NORWAY
NORWICH
NORWOOD
NORÐFJÖRÐUR
NOSARA
NOSY-BE
NOTODDEN
NOTTINGHAM
NOUADHIBOU
NOUAKSCHOTT
NOUMEA
NOUNA
NOVA
NOVATO
NOVI
NOVO
NOVOKUZNETSK
NOVOSIBIRSK
NOVY
NOWY
NOYABRSK
NUERNBERG
NUEVA
NUEVO
NUGURIA
NUIQSUT
NUKU
NUKUS
NUKUTAVAKE
NUNAM
NUNAPITCHUK
NUNCHIA
NUNUKAN-NUNUKAN
NUQUÍ
NUSHKI
NUTWOOD
NYAC
NYAGAN
NYALA
NYERI
NYINGCHI
NZAGI
OAK
OAKDALE
OAKLAND
OAKTOWN
OAMARU
OAXACA
OBAN
OBANO-PAPUA
OBBIA
OBERPFAFFENHOFEN
OBIHIRO
OBO
OBOCK
OBRE
OCALA
OCANA
OCEAN
OCEANA
OCHO
ODATE
ODENSE
ODESSA
ODIENNE
ODIHAM
OECUSSI-AMBENO
OFU
OGALLALA
OGDEN
OGDENSBURG
OGLE
OGOKI
OHRID
OIAPOQUE
OITA
OKABA-PAPUA
OKAO
OKAUKUEJO
OKAYAMA
OKHA
OKHOTSK
OKI
OKINOERABUJIMA
OKLAHOMA
OKMULGEE
OKONDJA
OKOYO
OKSAPMIN
OKSIBIL-PAPUA
OKUSHIRI
OLANCHITO
OLATHE
OLAVARRIA
OLBIA
OLD
OLGA
OLIKTOK
OLIVE
OLOMOUC
OLONGAPO
OLPOI
OLSOBIP
OLYMPIA
OLYMPIC
OMAHA
OMAK
OMBOUE
OMEGA
OMIDIYEH
OMITAMA
OMO
OMORA
OMSK
ONANGE
ONDANGWA
ONO-I-LAU
ONOTOA
ONTARIO
ONUNDARFJÖRÐUR
OPAPIMISKAN
OPOLE
OPOLU
OPUWA
ORADEA
ORAN
ORANGE
ORANGE/CARITAT
ORANGEBURG
ORANJEMUND
ORANJESTAD
ORAPA
ORCHID
ORD
ORDOS
ORDU
OREBRO
OREL
ORENBURG
ORINDUIK
ORISTANO
ORIXIMINÁ
ORLAND
ORLANDO
ORLEANS
ORMARA
ORMOC
ORNSKOLDSVIK
OROCUE
OROVILLE
ORSK
ORURO
ORŪZGĀN
OSAKA
OSAN
OSCEOLA
OSCHERSLEBEN
OSH
OSHAKATI
OSHAWA
OSHIMA
OSHKOSH
OSIJEK
OSKARSHAMN
OSLO
OSORNO
OSSIMA
OSTEND
OSTERSUND
OSTRAVA
OTJIWARONGO
OTTAWA
OTTUMWA
OTU
OUADDA
OUAGADOUGOU
OUAHIGOUYA
OUANDA
OUANGO
OUARGLA
OUARZAZATE
OUDOMSAY
OUDTSHOORN
OUESSO
OUJDA
OULU
OUM
OURILÂNDIA
OURINHOS
OUVEA
OVALLE
OVDA
OVERBERG
OWANDO
OWEN
OWENSBORO
OWERRI
OXFORD
OXNARD
OYEM
OZAMIZ
OZONA
PA
PAAMA
PACHUCA
PACIFIC
PADANG
PADERBORN
PADOVA
PADUCAH
PAGADIAN
PAGE
PAGO
PAGOSA
PAHOKEE
PAIELA
PAKHOKKU
PAKSE
PALA
PALACIOS
PALANGA
PALANGKARAYA
PALAPYE
PALEMBANG
PALERMO
PALESTINE
PALM
PALMA
PALMAR
PALMARITO
PALMAS
PALMDALE
PALMER
PALMERSTON
PALMYRA
PALO
PALOEMEU
PALU
PAMA
PAMOL
PAMPA
PAMPLONA
PANAMA
PANAMÁ
PANEVĖŽYS
PANGIA
PANGKAL
PANGKALAN
PANGKOR
PANGNIRTUNG
PANGOA
PANGUITCH
PANJGUR
PANTELLERIA
PANZHIHUA
PAONIA
PAPA
PAPEETE
PAPHOS
PARABURDOO
PARACHINAR
PARAGOULD
PARAGUANA
PARAKOU
PARAMAKATOI
PARAMARIBO
PARANA
PARANAGUÁ
PARANAVAÍ
PARANAÍBA
PARAPARAUMU
PARAPAT-SUMATRA
PARASI
PARATEBUENO
PARAUAPEBAS
PARCHIM
PARDOO
PARDUBICE
PARINTINS
PARIS
PARK
PARKERSBURG
PARKES
PARMA
PARNAÍBA
PARO
PAROS
PARSABAD
PARSONS
PARUMA
PASCAGOULA
PASCO
PASIGHAT
PASIR
PASNI
PASO
PASSO
PASSOS
PASTO
PATHANKOT
PATHEIN
PATINA
PATO
PATOS
PATRAS
PATREKSFJORDUR
PATTANI
PATTAYA
PATTERSON
PATUXENT
PAU
PAUK
PAULATUK
PAULO
PAVLODAR
PAWE
PAYA
PAYSANDU
PAYSON
PAYÁN
PAZ
PEACE
PEACH
PEAWANUCK
PECHORA
PECOS
PEDASI
PEDRO
PEENEMÜNDE
PEHUAJÓ
PEKANBARU
PELANENG
PELICAN
PELL
PELLSTON
PELLY
PELOTAS
PEMBA
PEMBROKE
PENANG
PENDLETON
PENONG
PENRHYN
PENSACOLA
PENTECOST
PENTICTON
PENZA
PEORIA
PEPPIMENARTI
PEREIRA
PERIGUEUX
PERITO
PERM
PERPIGNAN
PERRY
PERRYVILLE
PERTH
PERU
PERUGIA
PESCARA
PESHAWAR
PETAWAWA
PETERBOROUGH
PETERSBURG
PETROLINA
PETROPAVLOSK
PETROPAVLOVSK
PETROZAVODSK
PEUREUMEUE-SUMATRA
PEVEK
PHALABORWA
PHAN
PHANOM
PHAPLU
PHILADELPHIA
PHILIP
PHILIPSBURG
PHINDA
PHITSANULOK
PHNOM-PENH
PHOENIX
PHONGSALY
PHOSPHATE
PHRAE
PHUKET
PIACENZA
PICKENS
PICKLE
PICO
PICOS
PIEDRAS
PIERRE
PIESTANY
PIETERMARITZBURG
PIETERSBURG
PIKANGIKUM
PIKEVILLE
PIKWITONEI
PILANESBERG
PILAR
PILOT
PIMAGA
PIMENTA
PINAR
PINCHER
PINDIU
PINE
PINEDALE
PINEHOUSE
PINEHURST/SOUTHERN
PINGTUNG
PINHEIRO
PIRACICABA
PIRACUNUNGA
PISA
PISCO
PISEO-RI
PITALITO
PITTS
PITTSBURGH
PIURA
PLACENCIA
PLACERVILLE
PLAINVIEW
PLAISANCE
PLASTUN
PLATINUM
PLATO
PLATTSBURGH
PLAYA
PLAYÓN
PLAZA
PLEIKU
PLENTYWOOD
PLETTENBERG
PLOVDIV
PLYMOUTH
PO
POCATELLO
POCHEON
POCOCI
POCOS
PODGORICA
PODOR
POHANG
POHNPEI
POINT
POINTE-A-PITRE
POINTE-NOIRE
POINTS
POITIERS
POKHARA
POLACCA
POLONNARUWA
POLTAVA
POMPANO
PONCA
PONCE
POND
PONTA
PONTES
PONTIAC
PONTIANAK
PONTOISE
POPAYAN
POPLAR
POPLARVILLE
POPONDETTA
POPRAD
POPTÚN
PORBANDAR
PORE
PORI
PORLAMAR
PORMPURAAW
PORT
PORT-AU-PRINCE
PORT-DE-PAIX
PORT-OF-SPAIN
PORT-VILA
PORTAGE-LA-PRAIRIE
PORTERVILLE
PORTLAND
PORTO
PORTOROZ
PORTOVIEJO
PORTSMOUTH
PORVENIR
POSADAS
POSO
POSTVILLE
POTCHEFSTROOM
POTOSI
POTTUVIL
POUGHKEEPSIE
POULSBO
POUM
POUSO
POWELL
POZA
POZNAN
PRACHUAP
PRADO
PRAGUE
PRAIRIE
PRASLIN
PRATAS
PRATT
PRENTICE
PREROV
PRESCOTT
PRESIDENCIA
PRESIDENT
PRESQUE
PRESTWICK
PRETORIA
PREVEZA
PREŠOV
PRICE
PRIESKA
PRINCE
PRINCETON
PRINCETON/ROCKY
PRINCIPE
PRINEVILLE
PRISTINA
PROPRIANO
PROSPECT
PROSSERPINE
PROVIDENCE
PROVIDENCIA
PROVIDENCIALES
PROVIDENIYA
PROVINCETOWN
PROVO
PSKOV
"PU'ER"
PUAS
PUCALLPA
PUCON
PUEBLA
PUEBLO
PUERTO
PUKA
PUKAPUKA
PUKARUA
PUKATAWAGAN
PULA
PULAU
PULLMAN/MOSCOW
PUMANI
PUMULULU
PUNE
PUNIA
PUNTA
PUNTARENAS
PURWOKERTO-JAVA
PUTAO
PUTTAPARTHI
PUTUSSIBAU-BORNEO
PUVIRNITUQ
PWETO
PYE
PYINMANA
PYONGYANG
PÄRNU
PÉCS-POGÁNY
PÉRONNE/SAINT-QUENTIN
QAANAAQ
"QACHA'S"
QALA-I-NAW
QAQORTOQ
QASIGIANNGUIT
QAYYARAH
QAZVIN
QEQERTAQ
QEQERTARSUAQ
QIANJIANG
QIEMO
QINGDAO
QINGYANG
QINHUANGDAO
QIQIHAR
QISHN
QUAKERTOWN
QUALICUM
QUANG
QUANTICO
QUANZHOU
QUAQTAQ
QUEBEC
QUEENSTOWN
QUELIMANE
QUEPOS
QUERETARO
QUESNEL
QUETTA
QUEZALTENANGO
QUIBDO
QUIJARRO
QUILLAYUTE
QUIMPER
QUINCE
QUINCY
QUINHAGAK
QUION
QUITO
QUTHING
QUUJJUAQ
QUY
QUZHOU
RABARABA
RABAT
RABI
RACH
RACINE
RADOM
RAFAELA
RAFAÏ
RAFHA
RAHA-MUNA
RAHIM
RAIATEA
RAIPUR
RAJAHMUNDRY
RAJBIRAJ
RAJKOT
RAJOURI
RAJSHAHI
RALEIGH-DURHAM
RAMATA
RAMECHHAP
RAMPART
RAMSAR
RAMSTEIN
RANAI-NATUNA
RANAU
RANCAGUA
RANCHI
RANCHO
RANGER
RANGIROA
RANKIN
RANSIKI-PAPUA
RAPID
RAS
RASHT
RATANAKIRI
RATON
RAUFARHÖFN
RAVENNA
RAWALA
RAWLINS
RAYONG
READING
REAO
REBUN
RECIFE
RECONQUISTA
RED
REDANG
REDCLIFFE
REDDING
REDENÇÃO
REDHILL
REDMOND
REDSTONE
REDWOOD
REED
REEDSVILLE
REGGIO
REGINA
REIMS
REIVILO
RENGAT
RENNELL
RENNES
RENO
RENSSELAER
RENTON
REPULSE
RESENDE
RESISTENCIA
RESOLUTE
RETALHULEU
REUS
REVELSTOKE
REWA
REXBURG
REYES
REYKHÓLAR
REYKJAVIK
REYNOSA
RHINELANDER
RHODOS
RIBEIRAO
RIBERALTA
RICE
RICHARD
"RICHARD'S"
RICHMOND
RIESA
RIETI
RIGA
RIGOLET
RIJEKA
RIMATARA
RIMINI
RIMOUSKI
RINCON
RINGI
RIO
RIOJA
RISHIRI
RIVER
RIVERA
RIVERS
RIVERSIDE
RIVERTON
RIVIERE
RIVIÈRE
RIVNE
RIYADH
RIYAN
RIZHAO
ROADTOWN/BEEF
ROANNE
ROANOKE
ROATAN
ROBERTSON
ROBERVAL
ROBINSON
ROBORÉ
ROCHE
ROCHEFORT
ROCHESTER
ROCK
ROCKDALE
ROCKHAMPTON
ROCKLAND
ROCKPORT
ROCKWOOD
ROCKY
RODEZ
RODRIGUEZ
ROEBOURNE
ROGERS
ROKOT-SUMATRA
ROLLA
ROLLA/VICHY
ROLPA
ROMA
ROME
RONCHI
RONDONÓPOLIS
RONGELAP
RONNE
RONNEBY
ROOSEVELT
ROPER
ROROS
ROSARIO
ROSEAU
ROSEBURG
ROSELLA
ROSH
ROSS
ROSTOV
ROSWELL
ROTA
ROTORUA
ROTTERDAM
ROTUMA
ROUEN
ROUND
ROUNDUP
ROURKELA
ROUSES
ROUYN
ROVANIEMI
ROXANA
ROXAS
ROYAN
RUBELSANTO
RUBY
RUGAO
RUHENGERI
RUIDOSO
RUKUMKOT
RUMBEK
RUMJATAR
RUNDU
RUPERTO
RURRENABAQUE
RURUTU
RUSSELL
RUSSIAN
RUSTON
RUTENG
RUTLAND
RYAZAN
RYBINSK
RZESZOW
RÍO
RØRVIK
RÜGEN
SAARBRUECKEN
SABA
SABADELL
SABAH
SABANA
SABANG
SABLE
SABU-SAWU
SABZEVAR
SACHEON
SACHIGO
SACHS
SACRAMENTO
SADAH
SADO
SAFFORD
SAFI
SAFIA
SAGA
SAGINAW
SAHABAT
SAHIWAL
SAIBAI
SAIDOR
SAIDPUR
SAIDU
SAINT
"SAINT-GEORGES-DE-L'OYAPOCK"
SAINT-LAURENT-DU-MARONI
SAINT-YAN
SAINTE
SAINYABULI
SAIPAN
SAKON
SALALAH
SALAMANCA
SALEKHARD
SALEM
SALERNO
SALIDA
SALIMA
SALINA
SALINAS
SALISBURY
SALLUIT
SALMON
SALT
SALTA
SALTILLO
SALTO
SALTON
SALVADOR
SALZBURG
SAMANA
SAMARA
SAMARAI
SAMARINDA
SAMARKAND
SAMBAVA
SAMBURU
SAMEDAN
SAMJIYŎN
SAMOS
SAMPIT-BORNEO
SAMSUN
SAN
"SANA'A"
SANANA-SERAM
SANANDAJ
SANCTI
SAND
SANDAKAN
SANDANE
SANDAY
SANDNESSJOEN
SANDSPIT
SANDSTONE
SANDUSKY
SANDY
SANFEBAGAR
SANFORD
SANGGATA/SANGKIMAH
SANIKILUAQ
SANKT
SANMING
SANTA
SANTAN-BORNEO
SANTANA
SANTANDER
SANTAREM
SANTIAGO
SANTO
SANTORINI
SANTOS
SANYA
SAO
SAPEZAL
SAPIR
SAPMANGA
SAPPORO
SAQQAQ
SARAJEVO
SARAKHS
SARANAC
SARANSK
SARASOTA/BRADENTON
SARATOV
SARAVANE
SARAVENA
SARDEH
SARGODHA
SARH
SARI
SARMI-PAPUA
SARMIENTO
SARNIA
SARTANEJA
SARZANA
SASEREME
SASKATOON
SASKYLAKH
SASSANDRA
SASSTOWN
SATU
SAULT
SAUMLAKI-YAMDENA
SAUMUR/SAINT-FLORENT
SAUREN
SAURIMO
SAUSALITO
SAUÐÁRKRÓKUR
SAVANNAH
SAVANNAKHET
SAVONLINNA
SAVOONGA
SAVUSAVU
SAVUTI
SAVÉ
SAYUN
SAÚL
SCAMMON
SCAMPTON
SCARBOROUGH
SCATSTA
SCHEFFERVILLE
SCHENECTADY
SCHÖNHAGEN
SCOTTSBLUFF
SCOTTSDALE
SCUSCIUBAN
SEATTLE
SEBBA
SEBHA
SEBRING
SECHELT
SECUNDA
SEDALIA
SEDONA
SEGE
SEGUELA
SEHONGHONG
SEHULEA
SEHWAN
SEINÄJOKI
SEKAKES
SELAWIK
SELBANG
SELDOVIA
SELEBI-PHIKWE
SELIBABI
SELINSGROVE
SELMA
SEMARANG
SEMATAN
SEMERA
SEMIPLATINSK
SEMONKONG
SEMPORNA
SENANGA
SENDAI
SENGAPI
SENGGEH
SENGGO-PAPUA
SEO
SEOSAN
SEOUL
SEPT-ILES
SEPULOT
SERAM
SERONERA
SERUI-JAPEN
SESHEKE
SESHUTES
SETIF
SETTE
SEVASTOPOL
SEVIERVILLE
SEVILLA
SEWANEE
SEWARD
SEYMOUR
SFAX
SHAGELUK
SHAHREKORD
SHAKAWE
SHAKHTERSK
SHAKISO
SHAKTOOLIK
SHAMATTAWA
SHAMSHERNAGAR
SHANGHAI
SHANGRI-LA
SHANNON
SHANSHAN
SHANTOU
SHAOGUAN
SHARANA
SHARJAH
SHARM
SHARURAH
SHASHI
SHAW
SHAWNEE
SHAY
SHEEP
SHEFFIELD
SHEGHNAN
SHELBY
SHELBYVILLE
SHELL
SHELLHARBOUR
SHELTON
SHEMYA
SHENNONGJIA
SHENYANG
SHENZHEN
SHERBROOKE
SHERIDAN
SHERMAN/DENISON
SHETLAND
SHIHEZI
SHIJIAZHUANG
SHILAVO
SHILLONG
SHIMOJISHIMA
SHINYANGA
SHIQUANHE
SHIRAZ
SHIRE
SHIRLEY
SHISHMAREF
SHIYAN
SHOLAPUR
SHONAI
SHOREHAM
SHOW
SHREVEPORT
SHUNGNAK
SIALKOT
SIALUM
SIBI
SIBITI
SIBIU
SIBORONG-BORONG
SIBU
SIDI
SIDNEY
SIEM-REAP
SIENA
SIERRA
SIEVIERODONETSK
SIGIRIYA
SIGLUFJORDUR
SIGONELLA
SIGUIRI
SIHANUKVILLE
SIIRT
SIKASSO
SILA
SILCHAR
SILGADI
SILISTRA
SILUR
SILVER
SIM
SIMARA
SIMBAI
SIMBERI
SIMENTI
SIMFEROPOL
SIMIKOT
SINDAL
SINGAPORE
SINGKEP
SINGLETON
SINOP
SINTANG
SINTANG-BORNEO
SINYANGSEO-GIL
SION
SIOUX
SIPITANG
SIRT
SISHEN
SISIMIUT
SISSANO
SITIA
SITIAWAN
SITKA
SITTWE
SIUNA
SIVAS
SIWA
SIWEA
SKAGWAY
SKARDU
SKELDON
SKELLEFTEA
SKIATHOS
SKIEN
SKIROS
SKIVE
SKOPJE
SKOVDE
SKRYDSTRUP
SKUKUZA
SLAVE
SLEETMUTE
SLIAC
SLIGO
SLUPSK
SMARA
SMITHERS
SMITHFIELD
SMITHS
SMOLENSK
SMYRNA
SNAP
SOALALA
SOBRAL
SOCHI
SOCOTRA
SODANKYLA
SODDU
SOENDERBORG
SOESTERBERG
SOFIA
SOGAMOSO
SOGNDAL
SOHAG
"SOKCH'O"
SOKOTO
SOLA
SOLDOTNA
SOLENZARA
SOLIDARIDAD
SOLO
SOLOMON
SOLOVETSKY
SOLWESI
SOMERSET
SON-LA
SONDRESTROM
SONGEA
SONGKHLA
SOPU
SORKJOSEN
SOROAKO-CELEBES
SOROCABA
SORONG
SOROTI
SOUANKE
SOUTH
SOUTHAMPTON
SOUTHDOWNS
SOUTHEND
SOVETSKAYA
SOVETSKIY
SOWA
SOYO
SPANGDAHLEM
SPANISH
SPARREVOHN
SPARTA
SPARTANBURG
SPARTI
SPENCE
SPENCER
SPEYER
SPLIT
SPOKANE
SPRATLEY
SPRING
SPRINGBOK
SPRINGDALE
SPRINGFIELD
SQUAMISH
SREDNEKOLYMSK
SRINAGAR
ST
ST-AUGUSTIN
ST-FRANÇOIS
ST.
ST.-BARTHELEMY
ST.-BRIEUC
ST.-DENIS
ST.-ETIENNE
ST.-NAZAIRE
ST.-PIERRE
STANLEY
STANTON
STAR
STARA
STATE
STATESBORO
STATESVILLE
STAUNING
STAUNTON/WAYNESBORO/HARRISONBURG
STAVANGER
STAVROPOL
STEAMBOAT
STEBBINS
STELLA
STEPHENS
STEPHENVILLE
STERLING
STERLING/ROCKFALLS
STEVENS
STEWART
STILLWATER
STIRLING
STOCKHOLM
STOCKTON
STOELMANSEILAND
STONY
STORCK
STORD
STORM
STORNOWAY
STRADBROKE
STRASSBOURG
STRATFORD
STREZHEVOY
STRONSAY
STROUD
STRYMBA
STUART
STUNG
STURGEON
STURGIS
STURT
STUTTGART
STYKKISHÓLMUR
SUAI
SUAVANAO
SUBANG
SUCEAVA
SUCRE
SUCUA
SUDBURY
SUDEST
SUE
SUFFIELD
SUGAPA-PAPUA
SUI
SUKAGAWA
SUKHUMI
SUKI
SUKKUR
SULACO
SULAYEL
SULAYMANIYAH
SULE
SULLIVAN
SULPHUR
SUMBAWA
SUMBAWANGA
SUMBE
SUMBURGH
SUMENEP-MADURA
SUMMER
SUMMERSIDE
SUMMIT
SUMTER
SUMY
SUNCHALES
SUNCOR
SUNDSVALL
SUNGAI
SUNGEI
SUNRIVER
SUNTAR
SUNYANI
SUPAI
SUPERIOR
SUR
SURABAYA
SURALLAH
SURAT
SURGUT
SURIGAO
SURIN
SURKHET
SUSANVILLE
SUZHOU
SVALBARD
SVEG
SVERDLOVSK
SVOLVÆR
SWACH
SWAKOPMUND
SWAN
SWANSEA
SWEETWATER
SWIFT
SYDNEY
SYKTYVKAR
SYLHET
SYLVESTER
SYRACUSE
SYROS
SZCZECHIN
SZEGED
SÁRMELLÉK
SÃO
SÉTIF
SÖDERHAMN
"TA'IZZ"
TABA
TABARKA
TABAS
TABATINGA
TABITEUEA
TABLAS
TABORA
TABOU
TABRIZ
TABUAERAN
TABUBIL
TABUK
TACHENG
TACHILEK
TACHINA
TACLOBAN
TACNA
TACOMA
TACUAREMBO
TADJOURA
TADOULE
TAEGU
TAFTAN
TAGANROG
TAGBILARAN
TAGUATINGA
TAHAROA
TAHOUA
TAHSIS
TAHUNA-SANGIHE
TAICHUNG
TAIF
TAINAN
TAIPEI
TAIPING
TAISHA
TAIYUAN
TAJIMA
TAKAMATSU
TAKAPOTO
TAKAROA
TAKORADI
TAKOTNA
TAKU
TAKUME
TALANG
TALARA
TALASEA
TALCA
TALDY
TALHAR
TALKEETNA
TALLADEGA
TALLAHASSEE
TALLINN-ULEMISTE
TALOQAN
TALTAL
TAMALE
TAMAN
TAMANA
TAMANRASSET
TAMARINDO
TAMBACOUNDA
TAMBAO
TAMBOHORANO
TAMBOV
TAMCHAKETT
TAMCHY
TAME
TAMPA
TAMPERE
TAMPICO
TAMUIN
TAMWORTH
TAN
TANACROSS
TANAH
TANANA
TANANDAVA
TANBAR
TANDIL
TANEGASHIMA
TANGA
TANGARÁ
TANGER
TANGSHAN
TANJUNG
TANTA-TABALONG-BORNEO
TAOS
TAPACHULA
TAPAK
TAPETA
TAPINI
TAPLEJUNG
TARABO
TARAKBITS
TARAKEN
TARAMA
TARAPACÁ
TARAPOA
TARAPOTO
TARAUACÁ
TARAWA
TARAZ
TARBELA
TARBES
TARCOOLA
TAREE
TARGOVISHTE
TARI
TARIJA
TARIN
TARKO-SALE
TARTAGAL
TARTU
TASHIGANG
TASHKENT
TASIILAQ
TASIKMALAYA-JAVA
TASIUJAQ
TASZÁR
TATAKOTO
TATALINA
TATAU
TATITLEK
TAUBATÉ
TAUPO
TAURAMENA
TAURANGA
TAWA
TAWAU
TAYLOR
"TAYTAY AIRPORT, SANDOVAL AIRPORT"
TBILISI
TCHIBANGA
TCHIEN
TEBESSA
TEESSIDE
TEFE
TEGUCIGALPA
TEHERAN
TEHRAN
TEHUACAN
TEIXEIRA
TEKADU
TEKIN
TEL-AVIV
TELA
TELEFOMIN
TELIDA
TELLER
TELLURIDE
TELUPID
TELÊMACO
TEMPLE
TEMUCO
TENA
TENAKEE
TENERIFE
TENGCHONG
TENKODOGO
TENNANT
TEPIC
TEPTEP
TERAINA
TERAPO
TERESINA
TERMAS
TERMEZ
TERNATE
TERNOPIL
TERRACE
TERRE
TERUEL
TESLIN
TESSENEI
TETE
TETEBEDI
TETERBORO
TETIAROA
TETOUAN
TEXADA
TEXARKANA
TEZU
TEÓFILO
THABA
THABA-TSEKA
THAKHEK
THAKURGAON
THANDWE
THANJAVUR
THE
THEDA
THERMOPOLIS
THESSALONIKI
THICKET
THIEF
THISTED
THOHOYANDOU
THOMASVILLE
THOMPSON
THOOTHUKUDI
THORNE
THORSHOFN
THREE
THULE
THUMRAIT
THUNDER
TIANJIN
TIANSHUI
TIARET
TIBÚ
TICANTIQUI
TICHITT
TIDJIKJA
TIFALMIN
TIFTON
TIGA
TIJUANA
TIKAL
TIKAPUR
TIKEHAU
TIKO
TIKONG-TALIABU
TIKSI
TILIN
TILLAMOOK
TILREMPT
TIMARU
TIMBEDRA
TIMBUNKE
TIMIKA
TIMIMOUN
TIMISOARA
TIMMINS
TIN
TINBOLI
TINDOUF
TINGO
TINIAN
TIOGA
TIOM-PAPUA
TIPPI
TIPUTINI
TIRANA
TIREE
TIRGU
TIRUCHCHIRAPPALLI
TIRUPETI
TISDALE
TISSAMAHARAMA
TITUSVILLE
TIVAT
TIZIMIN
TJEPU-JAVA
TLAXCALA
TLEMCEN
TLOKOENG
TOAMASINA
TOBERMOREY
TOBOLSK
TOBRUK
TOCCOA
TOCOPILLA
TOFINO
TOGIAK
TOK
TOKAT
TOKEEN
TOKOROA
TOKSOOK
TOKUA
TOKUNOSHIMA
TOKUSHIMA
TOKYO
TOL
TOLAGNARO
TOLEDO
TOLI
TOLIARA
TOLUCA
TOLÚ
TOM
TOMANGGONG
TOMBOUCTOU
TOMS
TOMSK
TONGATAPU
TONGHUA
TONGLIAO
TONGOA
TONOPAH
TONU
TOPEKA
TOREMBI
TORINO
TORONTO
TORORO
TORP
TORRANCE
TORREON
TORRES
TORRINGTON
TORTOLI
TORWOOD
TOSONTSENGEL
TOTEGEGIE
TOTNESS
TOTTORI
TOUBA
TOUGAN
TOUGGOURT
TOUHO
TOULOUSE
TOURNAI
TOURS
TOUSSOUS-LE-NOBLE
TOWNSVILLE
TOYAMA
TOZEUR
TRABZON
TRAIL
TRANG
TRAPANI
TRAVERSE
TREASURE
TREINTA
TRELEW
TREMITI
TRENTON
TREPELL
TRES
TREVISO
TRIER
TRINCIOMALEE
TRINIDAD
TRIPOLI
TRIVANDRUM
TROIS-RIVIÈRES
TROLLHATTAN
TROMSO
TRONA
TRONDHEIM
TROY
TROYES
TRUCKEE
TRUJILLO
TRUTH
TRÊS
TSARATANANA
TSELINOGRAD
TSELSERLEG
TSEWI
TSHABONG
TSHIKAPA
TSHIPISE
TSIROANOMANDIDY
TSUMEB
TSUSHIMA
TUBA
TUBUAI
TUCSON
TUCUMAN
TUCUMCARI
TUCUPITA
TUCURUI
TUFI
TUGUEGARAO
TUKTOYAKTUK
TULA
TULAGHI
TULARE
TULCAN
TULCEA
TULI
TULITA
TULLAHOMA
TULSA
TULUA
TULUKSAK
TULUM
TUMACO
TUMBANG
TUMBES
TUMBLER
TUMLING
TUMOLBIL
TUNGSTEN
TUNICA
TUNIS
TUNTUTULIAK
TUNUNAK
TUPELO
TURAIF
TURANY
TURBAT
TURBO
TURKEY
TURKU
TURPAN
TURUKHANSK
TUSCALOOSA
TUSKEGEE
TUSTIN
TUXEKAN
TUXTLA
TUY
TUZLA
TVER
TWENTY
TWENTYNINE
TWIN
TWITZEL
TYLER
TYMOVSKOYE
TYNDA
TYONEK
TYUMEN
TZANEEN
TÊTE-À-LA-BALEINE
TÜRKMENABAT
UA
UAXACTUN
UBARI
UBATUBA
UBERABA
UBERLANDIA
UBON
UBRUB-PAPUA
UCHIZA
UDAIPUR
UDEN
UDINE
UDON
UFA
UHERSKÉ
UIGE
UJAE
UJUNG
UKHTA
UKIAH
UKUNDA
ULAANBAATAR
ULAANGOM
ULAN
ULAN-UDE
ULANHOT
ULIASTAI
ULSAN
ULUNDI
ULUSABA
ULYANOVSK
UMBA
UMEA
UMIAT
UMIUJAQ
UMNUGOBITOUR
UMTATA
UMUARAMA
UNA
UNALAKLEET
UNALASKA
UNEA
UNION
UNIÃO
UPALA
UPAVON
UPERNAVIK
UPIARA
UPINGTON
UPLAND
URALSK
URANIUM
URAY
URENGOY
URGENCH
URGUN
URIBE
URMIA
UROUBI
URRAO
URUAPAN
URUGUAIANA
URUMQI
USHUAIA
USINSK
UST
UST-ILIMSK
UST-KUT
UST-KUYGA
UST-MAYA
UST-NERA
UST-TSYLMA
UTILA
UTIRIK
UTTARADIT
UTTI
UUMMANNAQ
UVALDE
UVOL
UYO
UZHHOROD
UŞAK
UŽICE
VAASA
VADSØ
VAGAR
VAHITAHI
VAL
VALCARTIER
VALCHETA
VALDEZ
VALDIVIA
VALDOSTA
VALENCE
VALENCIA
VALENCIENNES/DENAIN
VALENTINE
VALENÇA
VALERA
VALJEVO
VALLADOLID
VALLE
VALLEDUPAR
VALLEGRANDE
VALLENAR
VALPARAISO
VAN
VANCOUVER
VANDALIA
VANGAINDRANO
VANIMO
VANNES
VANUA
VARADERO
VARANASI
VARANDEY
VARDØ
VARESE
VARGINHA
VARKAUS
VARNA
VASTERAS
VATOMANDRY
VATUKOULA
VATULELE
"VAVA'U"
VAXJO
VELIKIY
VELIKIYE
VENETIE
VENICE
VENTSPILS
VERA
VERDUN
VERKHNEVILYUISK
VERMILLION
VERNAL
VERNON
VERO
VERSAILLES
VESOUL/FROTEY
VESTMANNAEYJAR
VICENZA
VICHADERO
VICHY
VICKSBURG
VICTORIA
VICTORVILLE
VIDALIA
VIDEIRA
VIDIN
VIEDMA
VIENNA
VIENTIANE
VIGO
VIJAYAWADA
VILA
VILANKULU
VILEFRANCE
VILHELMINA
VILHENA
VILLA
VILLAFRANCA
VILLAHERMOSA
VILLAMONTES
VILLAVICENCIO
VILNIUS
VILYUISK
VINCENNES
VINH
VINNITSA
VIPINGO
VIQUEQUE
VIRAC
VIRU
VISAKHAPATNAM
VISALIA
VISBY
VITEBSK
VITORIA
VITÓRIA
VIVIGANI
VIÑA
VLADIVOSTOK
VODOCHODY
VOHEMAR
VOINJAMA
VOLGOGRAD
VOLOGDA
VOPNAFJÖRÐUR
VORKUTA
VORONEZH
VOTUPORANGA
VREDENDAL
VRYBURG
VRYHEID
VUNG
VUNISEA
VÄSTERVIK
VÆRØY
WAALA
WAANA
WABO
WABUSH
WACA
WACO
WAD
WADDINGTON
WADI
WAGENINGEN
WAGETHE-PAPUA
WAGGA
WAHA-TOMEA
WAHIAWA
WAHPETON
WAIKABUBAK-SUMBA
WAIKOLOA
WAINGAPU
WAIROA
WAJIMA
WAJIR
WAKAYA
WAKE
WAKKANAI
WAKUNAI
WALAHA
WALES
WALLA
WALLAL
WALLIS
WALLOPS
WALNUT
WALTERBORO
WALVIS
WAMENA
WANAKA
WANDO
WANG
WANGANUI
WANGEROOGE
WANNUKANDI
WANTOAT
WANUMA
WANXIAN
WAPAKONETA
WAPOLU
WARDER
WARE
WARRANGAL
WARRI
WARROAD
WARSAW
WASHABO
WASHINGTON
WASILLA
WASIOR-PAPUA
WASKAGANISH
WASPAM
WASU
WASUA
WATERFALL
WATERFORD
WATERLOO
WATERTOWN
WATERVILLE
WATSON
WATSONVILLE
WAU
WAUKESHA
WAUKON
WAUSAU
WAVERNEY
WAVOI
WAWA
WAYCROSS
WAYNESBURG
WEAM
WEATHERFORD
WEBEQUIE
WEBSTER
WEDAU
WEEPING
WEERAWILA
WEEZE
WEIFANG
WEIHAI
WEIPA
WEJH
WEKWEÈTÌ
WELKOM
WELLINGTON
WELLS
WELLSVILLE
WELSHPOOL
WELVERDIEND
WEMINDJI
WENATCHEE
WENDOVER
WENZHOU
WEST
WESTERLAND
WESTERLY
WESTFIELD/SPRINGFIELD
WESTPORT
WESTRAY
WESTSOUND
WETHERSFIELD
WEVELGEM
WEWAK
WHAKATANE
WHALE
WHALSAY
WHANGAREI
WHARTON
WHATÌ
WHEATLAND
WHEELING
WHIDBEY
WHISTLER
WHITE
WHITECOURT
WHITEFIELD
WHITEHORSE
WHITERIVER
WHYALLA
WIARTON
WICHITA
WICK
WIESBADEN
WILDWOOD
WILHELMSHAVEN
WILKES-BARRE
WILKES-BARRE/SCRANTON
WILLCOX
WILLEMSTAD
WILLIAMS
WILLIAMSPORT
WILLIAMTOWN
WILLISTON
WILLMAR
WILLOUGHBY
WILLOW
WILLOWS
WILMINGTON
WINCHESTER
WINDER
WINDHOEK
WINDSOR
WINFIELD/ARKANSAS
WINK
WINNEMUCCA
WINNIPEG
WINSLOW
WINTER
WIPIM
WISCASSET
WISCONSIN
WISE
WISEMAN
WOENSDRECHT
WOJA
WOLF
WOLLASTON
WONDOOLA
WONENARA
WONGA
WONJU
WONKEN
WONSAN
WOODBOURNE
WOODIE
WOODLARK
WOODWARD
WOOMERA
WOOSTER
WORCESTER
WORLAND
WOTHO
WOTJE
WRANGELL
WRIGHT
WRIGHTSTOWN
WRIGLEY
WROCLAW
WUHAI
WUHAN
WUHU
WUNNUMIN
WUVULU
WUXI
WUYISHAN
WUZHOU
WYK
XAI-XAI
XALAPA
XANGONGO
XANXERÊ
"XI'AN"
XIAGUAN
XIAHE
XIAMEN
XIANGFAN
XICHANG
XIENG
XIENGLOM
XIGAZÊ
XILINHOT
XINGNING
XINGTAI
XINGYI
XINING
XINYUAN
YACUÍBA
YAGOUA
YAKATAGA
YAKIMA
YAKUSHIMA
YAKUTAT
YAKUTIA
YAKUTSK
YALATA
YALGOO
YALINGA
YALUMET
YAM
YAMAGATA
YAMAGUCHI
YAMBOL
YAMOUSSOUKRO
"YAN'AN"
YANCHENG
YANDINA
YANGAMBI
YANGON
YANGZHOU
YANJI
YANKTON
YANTAI
YAOUNDE
YAOUNDÉ
YAP
YAREN
YARI
YARMOUTH
YASAWA
YASOUJ
YASURU
YAZD
YE
YECHON
YEELIRRIE
YELLOW
YELLOWKNIFE
YENBO
YENGEMA
YENISEYSK
YEOSU
YEOVILTON
YEREVAN
YERINGTON
YES
YEVA
YEVLAKH
YEYSK
YIBIN
YICHANG
YICHUN
YINCHUAN
YINGKOU
YINING
YIWU
YOGYAKARTA
YOKOTA
YOLA
YONAGUNI
YONGAI
YONGZHOU
YORK
YORKE
YORKTON
YORO
YORON
YOSHKAR-OLA
YOUNGSTOWN
YUANMOU
YULE
YULIN
YUMA
YUNCHENG
YURIMAGUAS
YUSHU
YUZHNO-SAKHALINSK
YÉLIMANÉ
ZABREH
ZABRÉ
ZACATECAS
ZADAR
ZAGORA
ZAGREB
ZAHEDAN
ZAKOUMA
ZAKYNTHOS
ZALINGEI
ZAMBEZI
ZAMBOANGA
ZAMORA
ZAMZAMA
ZANAGA
ZANDERY
ZANESVILLE
ZANJAN
ZANZIBAR
ZAPALA
ZAPATOCA
ZAPORIZHIA
ZAQATALA
ZARAFSHAN
ZARAGOZA
ZARANJ
ZARAZA
ZARIA
ZARZAITINE
ZEGRZE
ZEMIO
ZEMMORA
ZENAG
ZEPHYRHILLS
ZHANGJIAKOU
ZHANGYE
ZHANJIANG
ZHAOTONG
ZHENGZHOU
ZHEZKAZGAN
ZHIGANSK
ZHOB
ZHONGWEI
ZHOUSHAN
ZHUHAI
ZHUKOVSKY
ZIELONA
ZIGUINCHOR
ZIHUATANEJO
ZILFI
ZINDER
ZOERSEL
ZONGULDAK
ZOUÉRATE
ZRENJANIN
ZUNI
ZUNYI
ZURICH
ZUWARA
ZWEIBRÜCKEN
ZYRYANKA
ÁLAMOS
ÇANAKKALE
ÇORLU
ÉLÉONORE
ÉVREUX/FAUVILLE
ÎLE
ÓLAFSFJÖRÐUR
ÖNDÖRKHAAN
ØRSTA
ÞINGEYRI
ŁÓDŹ
ŞANLıURFA
ŠIAULIAI
ŽILINA
